n,size,misses
1,16,1
2,16,3
3,16,3
4,16,5
5,16,5
6,16,5
7,16,5
8,16,7
9,16,7
10,16,7
11,16,7
12,16,7
13,16,7
14,16,7
15,16,7
16,16,9
17,16,9
18,16,9
19,16,9
20,16,9
21,16,9
22,16,9
23,16,9
24,16,9
25,16,9
26,16,9
27,16,9
28,16,9
29,16,9
30,16,9
31,16,9
32,16,11
33,16,11
34,16,11
35,16,11
36,16,11
37,16,11
38,16,11
39,16,11
40,16,11
41,16,11
42,16,11
43,16,11
44,16,11
45,16,11
46,16,11
47,16,11
48,16,11
49,16,11
50,16,11
51,16,11
52,16,11
53,16,11
54,16,11
55,16,11
56,16,11
57,16,11
58,16,11
59,16,11
60,16,11
61,16,11
62,16,11
63,16,11
64,16,13
65,16,13
66,16,13
67,16,13
68,16,13
69,16,13
70,16,13
71,16,13
72,16,13
73,16,13
74,16,13
75,16,13
76,16,13
77,16,13
78,16,13
79,16,13
80,16,13
81,16,13
82,16,13
83,16,13
84,16,13
85,16,13
86,16,13
87,16,13
88,16,13
89,16,13
90,16,13
91,16,13
92,16,13
93,16,13
94,16,13
95,16,13
96,16,13
97,16,13
98,16,13
99,16,13
100,16,13
101,16,13
102,16,13
103,16,13
104,16,13
105,16,13
106,16,13
107,16,13
108,16,13
109,16,13
110,16,13
111,16,13
112,16,13
113,16,13
114,16,13
115,16,13
116,16,13
117,16,13
118,16,13
119,16,13
120,16,13
121,16,13
122,16,13
123,16,13
124,16,13
125,16,13
126,16,13
127,16,13
128,16,15
129,16,15
130,16,15
131,16,15
132,16,15
133,16,15
134,16,15
135,16,15
136,16,15
137,16,15
138,16,15
139,16,15
140,16,15
141,16,15
142,16,15
143,16,15
144,16,15
145,16,15
146,16,15
147,16,15
148,16,15
149,16,15
150,16,15
151,16,15
152,16,15
153,16,15
154,16,15
155,16,15
156,16,15
157,16,15
158,16,15
159,16,15
160,16,15
161,16,15
162,16,15
163,16,15
164,16,15
165,16,15
166,16,15
167,16,15
168,16,15
169,16,15
170,16,15
171,16,15
172,16,15
173,16,15
174,16,15
175,16,15
176,16,15
177,16,15
178,16,15
179,16,15
180,16,15
181,16,15
182,16,15
183,16,15
184,16,15
185,16,15
186,16,15
187,16,15
188,16,15
189,16,15
190,16,15
191,16,15
192,16,15
193,16,15
194,16,15
195,16,15
196,16,15
197,16,15
198,16,15
199,16,15
200,16,15
201,16,15
202,16,15
203,16,15
204,16,15
205,16,15
206,16,15
207,16,15
208,16,15
209,16,15
210,16,15
211,16,15
212,16,15
213,16,15
214,16,15
215,16,15
216,16,15
217,16,15
218,16,15
219,16,15
220,16,15
221,16,15
222,16,15
223,16,15
224,16,15
225,16,15
226,16,15
227,16,15
228,16,15
229,16,15
230,16,15
231,16,15
232,16,15
233,16,15
234,16,15
235,16,15
236,16,15
237,16,15
238,16,15
239,16,15
240,16,15
241,16,15
242,16,15
243,16,15
244,16,15
245,16,15
246,16,15
247,16,15
248,16,15
249,16,15
250,16,15
251,16,15
252,16,15
253,16,15
254,16,15
255,16,15
256,16,17
257,16,17
258,16,17
259,16,17
260,16,17
261,16,17
262,16,17
263,16,17
264,16,17
265,16,17
266,16,17
267,16,17
268,16,17
269,16,17
270,16,17
271,16,17
272,16,17
273,16,17
274,16,17
275,16,17
276,16,17
277,16,17
278,16,17
279,16,17
280,16,17
281,16,17
282,16,17
283,16,17
284,16,17
285,16,17
286,16,17
287,16,17
288,16,17
289,16,17
290,16,17
291,16,17
292,16,17
293,16,17
294,16,17
295,16,17
296,16,17
297,16,17
298,16,17
299,16,17
300,16,17
301,16,17
302,16,17
303,16,17
304,16,17
305,16,17
306,16,17
307,16,17
308,16,17
309,16,17
310,16,17
311,16,17
312,16,17
313,16,17
314,16,17
315,16,17
316,16,17
317,16,17
318,16,17
319,16,17
320,16,17
321,16,17
322,16,17
323,16,17
324,16,17
325,16,17
326,16,17
327,16,17
328,16,17
329,16,17
330,16,17
331,16,17
332,16,17
333,16,17
334,16,17
335,16,17
336,16,17
337,16,17
338,16,17
339,16,17
340,16,17
341,16,17
342,16,17
343,16,17
344,16,17
345,16,17
346,16,17
347,16,17
348,16,17
349,16,17
350,16,17
351,16,17
352,16,17
353,16,17
354,16,17
355,16,17
356,16,17
357,16,17
358,16,17
359,16,17
360,16,17
361,16,17
362,16,17
363,16,17
364,16,17
365,16,17
366,16,17
367,16,17
368,16,17
369,16,17
370,16,17
371,16,17
372,16,17
373,16,17
374,16,17
375,16,17
376,16,17
377,16,17
378,16,17
379,16,17
380,16,17
381,16,17
382,16,17
383,16,17
384,16,17
385,16,17
386,16,17
387,16,17
388,16,17
389,16,17
390,16,17
391,16,17
392,16,17
393,16,17
394,16,17
395,16,17
396,16,17
397,16,17
398,16,17
399,16,17
400,16,17
401,16,17
402,16,17
403,16,17
404,16,17
405,16,17
406,16,17
407,16,17
408,16,17
409,16,17
410,16,17
411,16,17
412,16,17
413,16,17
414,16,17
415,16,17
416,16,17
417,16,17
418,16,17
419,16,17
420,16,17
421,16,17
422,16,17
423,16,17
424,16,17
425,16,17
426,16,17
427,16,17
428,16,17
429,16,17
430,16,17
431,16,17
432,16,17
433,16,17
434,16,17
435,16,17
436,16,17
437,16,17
438,16,17
439,16,17
440,16,17
441,16,17
442,16,17
443,16,17
444,16,17
445,16,17
446,16,17
447,16,17
448,16,17
449,16,17
450,16,17
451,16,17
452,16,17
453,16,17
454,16,17
455,16,17
456,16,17
457,16,17
458,16,17
459,16,17
460,16,17
461,16,17
462,16,17
463,16,17
464,16,17
465,16,17
466,16,17
467,16,17
468,16,17
469,16,17
470,16,17
471,16,17
472,16,17
473,16,17
474,16,17
475,16,17
476,16,17
477,16,17
478,16,17
479,16,17
480,16,17
481,16,17
482,16,17
483,16,17
484,16,17
485,16,17
486,16,17
487,16,17
488,16,17
489,16,17
490,16,17
491,16,17
492,16,17
493,16,17
494,16,17
495,16,17
496,16,17
497,16,17
498,16,17
499,16,17
500,16,17
501,16,17
502,16,17
503,16,17
504,16,17
505,16,17
506,16,17
507,16,17
508,16,17
509,16,17
510,16,17
511,16,17
512,16,19
513,16,19
514,16,19
515,16,19
516,16,19
517,16,19
518,16,19
519,16,19
520,16,19
521,16,19
522,16,19
523,16,19
524,16,19
525,16,19
526,16,19
527,16,19
528,16,19
529,16,19
530,16,19
531,16,19
532,16,19
533,16,19
534,16,19
535,16,19
536,16,19
537,16,19
538,16,19
539,16,19
540,16,19
541,16,19
542,16,19
543,16,19
544,16,19
545,16,19
546,16,19
547,16,19
548,16,19
549,16,19
550,16,19
551,16,19
552,16,19
553,16,19
554,16,19
555,16,19
556,16,19
557,16,19
558,16,19
559,16,19
560,16,19
561,16,19
562,16,19
563,16,19
564,16,19
565,16,19
566,16,19
567,16,19
568,16,19
569,16,19
570,16,19
571,16,19
572,16,19
573,16,19
574,16,19
575,16,19
576,16,19
577,16,19
578,16,19
579,16,19
580,16,19
581,16,19
582,16,19
583,16,19
584,16,19
585,16,19
586,16,19
587,16,19
588,16,19
589,16,19
590,16,19
591,16,19
592,16,19
593,16,19
594,16,19
595,16,19
596,16,19
597,16,19
598,16,19
599,16,19
600,16,19
601,16,19
602,16,19
603,16,19
604,16,19
605,16,19
606,16,19
607,16,19
608,16,19
609,16,19
610,16,19
611,16,19
612,16,19
613,16,19
614,16,19
615,16,19
616,16,19
617,16,19
618,16,19
619,16,19
620,16,19
621,16,19
622,16,19
623,16,19
624,16,19
625,16,19
626,16,19
627,16,19
628,16,19
629,16,19
630,16,19
631,16,19
632,16,19
633,16,19
634,16,19
635,16,19
636,16,19
637,16,19
638,16,19
639,16,19
640,16,19
641,16,19
642,16,19
643,16,19
644,16,19
645,16,19
646,16,19
647,16,19
648,16,19
649,16,19
650,16,19
651,16,19
652,16,19
653,16,19
654,16,19
655,16,19
656,16,19
657,16,19
658,16,19
659,16,19
660,16,19
661,16,19
662,16,19
663,16,19
664,16,19
665,16,19
666,16,19
667,16,19
668,16,19
669,16,19
670,16,19
671,16,19
672,16,19
673,16,19
674,16,19
675,16,19
676,16,19
677,16,19
678,16,19
679,16,19
680,16,19
681,16,19
682,16,19
683,16,19
684,16,19
685,16,19
686,16,19
687,16,19
688,16,19
689,16,19
690,16,19
691,16,19
692,16,19
693,16,19
694,16,19
695,16,19
696,16,19
697,16,19
698,16,19
699,16,19
700,16,19
701,16,19
702,16,19
703,16,19
704,16,19
705,16,19
706,16,19
707,16,19
708,16,19
709,16,19
710,16,19
711,16,19
712,16,19
713,16,19
714,16,19
715,16,19
716,16,19
717,16,19
718,16,19
719,16,19
720,16,19
721,16,19
722,16,19
723,16,19
724,16,19
725,16,19
726,16,19
727,16,19
728,16,19
729,16,19
730,16,19
731,16,19
732,16,19
733,16,19
734,16,19
735,16,19
736,16,19
737,16,19
738,16,19
739,16,19
740,16,19
741,16,19
742,16,19
743,16,19
744,16,19
745,16,19
746,16,19
747,16,19
748,16,19
749,16,19
750,16,19
751,16,19
752,16,19
753,16,19
754,16,19
755,16,19
756,16,19
757,16,19
758,16,19
759,16,19
760,16,19
761,16,19
762,16,19
763,16,19
764,16,19
765,16,19
766,16,19
767,16,19
768,16,19
769,16,19
770,16,19
771,16,19
772,16,19
773,16,19
774,16,19
775,16,19
776,16,19
777,16,19
778,16,19
779,16,19
780,16,19
781,16,19
782,16,19
783,16,19
784,16,19
785,16,19
786,16,19
787,16,19
788,16,19
789,16,19
790,16,19
791,16,19
792,16,19
793,16,19
794,16,19
795,16,19
796,16,19
797,16,19
798,16,19
799,16,19
800,16,19
801,16,19
802,16,19
803,16,19
804,16,19
805,16,19
806,16,19
807,16,19
808,16,19
809,16,19
810,16,19
811,16,19
812,16,19
813,16,19
814,16,19
815,16,19
816,16,19
817,16,19
818,16,19
819,16,19
820,16,19
821,16,19
822,16,19
823,16,19
824,16,19
825,16,19
826,16,19
827,16,19
828,16,19
829,16,19
830,16,19
831,16,19
832,16,19
833,16,19
834,16,19
835,16,19
836,16,19
837,16,19
838,16,19
839,16,19
840,16,19
841,16,19
842,16,19
843,16,19
844,16,19
845,16,19
846,16,19
847,16,19
848,16,19
849,16,19
850,16,19
851,16,19
852,16,19
853,16,19
854,16,19
855,16,19
856,16,19
857,16,19
858,16,19
859,16,19
860,16,19
861,16,19
862,16,19
863,16,19
864,16,19
865,16,19
866,16,19
867,16,19
868,16,19
869,16,19
870,16,19
871,16,19
872,16,19
873,16,19
874,16,19
875,16,19
876,16,19
877,16,19
878,16,19
879,16,19
880,16,19
881,16,19
882,16,19
883,16,19
884,16,19
885,16,19
886,16,19
887,16,19
888,16,19
889,16,19
890,16,19
891,16,19
892,16,19
893,16,19
894,16,19
895,16,19
896,16,19
897,16,19
898,16,19
899,16,19
900,16,19
901,16,19
902,16,19
903,16,19
904,16,19
905,16,19
906,16,19
907,16,19
908,16,19
909,16,19
910,16,19
911,16,19
912,16,19
913,16,19
914,16,19
915,16,19
916,16,19
917,16,19
918,16,19
919,16,19
920,16,19
921,16,19
922,16,19
923,16,19
924,16,19
925,16,19
926,16,19
927,16,19
928,16,19
929,16,19
930,16,19
931,16,19
932,16,19
933,16,19
934,16,19
935,16,19
936,16,19
937,16,19
938,16,19
939,16,19
940,16,19
941,16,19
942,16,19
943,16,19
944,16,19
945,16,19
946,16,19
947,16,19
948,16,19
949,16,19
950,16,19
951,16,19
952,16,19
953,16,19
954,16,19
955,16,19
956,16,19
957,16,19
958,16,19
959,16,19
960,16,19
961,16,19
962,16,19
963,16,19
964,16,19
965,16,19
966,16,19
967,16,19
968,16,19
969,16,19
970,16,19
971,16,19
972,16,19
973,16,19
974,16,19
975,16,19
976,16,19
977,16,19
978,16,19
979,16,19
980,16,19
981,16,19
982,16,19
983,16,19
984,16,19
985,16,19
986,16,19
987,16,19
988,16,19
989,16,19
990,16,19
991,16,19
992,16,19
993,16,19
994,16,19
995,16,19
996,16,19
997,16,19
998,16,19
999,16,19
1000,16,19
1001,16,19
1002,16,19
1003,16,19
1004,16,19
1005,16,19
1006,16,19
1007,16,19
1008,16,19
1009,16,19
1010,16,19
1011,16,19
1012,16,19
1013,16,19
1014,16,19
1015,16,19
1016,16,19
1017,16,19
1018,16,19
1019,16,19
1020,16,19
1021,16,19
1022,16,19
1023,16,19
1024,16,21
1025,16,21
1026,16,21
1027,16,21
1028,16,21
1029,16,21
1030,16,21
1031,16,21
1032,16,21
1033,16,21
1034,16,21
1035,16,21
1036,16,21
1037,16,21
1038,16,21
1039,16,21
1040,16,21
1041,16,21
1042,16,21
1043,16,21
1044,16,21
1045,16,21
1046,16,21
1047,16,21
1048,16,21
1049,16,21
1050,16,21
1051,16,21
1052,16,21
1053,16,21
1054,16,21
1055,16,21
1056,16,21
1057,16,21
1058,16,21
1059,16,21
1060,16,21
1061,16,21
1062,16,21
1063,16,21
1064,16,21
1065,16,21
1066,16,21
1067,16,21
1068,16,21
1069,16,21
1070,16,21
1071,16,21
1072,16,21
1073,16,21
1074,16,21
1075,16,21
1076,16,21
1077,16,21
1078,16,21
1079,16,21
1080,16,21
1081,16,21
1082,16,21
1083,16,21
1084,16,21
1085,16,21
1086,16,21
1087,16,21
1088,16,21
1089,16,21
1090,16,21
1091,16,21
1092,16,21
1093,16,21
1094,16,21
1095,16,21
1096,16,21
1097,16,21
1098,16,21
1099,16,21
1100,16,21
1101,16,21
1102,16,21
1103,16,21
1104,16,21
1105,16,21
1106,16,21
1107,16,21
1108,16,21
1109,16,21
1110,16,21
1111,16,21
1112,16,21
1113,16,21
1114,16,21
1115,16,21
1116,16,21
1117,16,21
1118,16,21
1119,16,21
1120,16,21
1121,16,21
1122,16,21
1123,16,21
1124,16,21
1125,16,21
1126,16,21
1127,16,21
1128,16,21
1129,16,21
1130,16,21
1131,16,21
1132,16,21
1133,16,21
1134,16,21
1135,16,21
1136,16,21
1137,16,21
1138,16,21
1139,16,21
1140,16,21
1141,16,21
1142,16,21
1143,16,21
1144,16,21
1145,16,21
1146,16,21
1147,16,21
1148,16,21
1149,16,21
1150,16,21
1151,16,21
1152,16,21
1153,16,21
1154,16,21
1155,16,21
1156,16,21
1157,16,21
1158,16,21
1159,16,21
1160,16,21
1161,16,21
1162,16,21
1163,16,21
1164,16,21
1165,16,21
1166,16,21
1167,16,21
1168,16,21
1169,16,21
1170,16,21
1171,16,21
1172,16,21
1173,16,21
1174,16,21
1175,16,21
1176,16,21
1177,16,21
1178,16,21
1179,16,21
1180,16,21
1181,16,21
1182,16,21
1183,16,21
1184,16,21
1185,16,21
1186,16,21
1187,16,21
1188,16,21
1189,16,21
1190,16,21
1191,16,21
1192,16,21
1193,16,21
1194,16,21
1195,16,21
1196,16,21
1197,16,21
1198,16,21
1199,16,21
1200,16,21
1201,16,21
1202,16,21
1203,16,21
1204,16,21
1205,16,21
1206,16,21
1207,16,21
1208,16,21
1209,16,21
1210,16,21
1211,16,21
1212,16,21
1213,16,21
1214,16,21
1215,16,21
1216,16,21
1217,16,21
1218,16,21
1219,16,21
1220,16,21
1221,16,21
1222,16,21
1223,16,21
1224,16,21
1225,16,21
1226,16,21
1227,16,21
1228,16,21
1229,16,21
1230,16,21
1231,16,21
1232,16,21
1233,16,21
1234,16,21
1235,16,21
1236,16,21
1237,16,21
1238,16,21
1239,16,21
1240,16,21
1241,16,21
1242,16,21
1243,16,21
1244,16,21
1245,16,21
1246,16,21
1247,16,21
1248,16,21
1249,16,21
1250,16,21
1251,16,21
1252,16,21
1253,16,21
1254,16,21
1255,16,21
1256,16,21
1257,16,21
1258,16,21
1259,16,21
1260,16,21
1261,16,21
1262,16,21
1263,16,21
1264,16,21
1265,16,21
1266,16,21
1267,16,21
1268,16,21
1269,16,21
1270,16,21
1271,16,21
1272,16,21
1273,16,21
1274,16,21
1275,16,21
1276,16,21
1277,16,21
1278,16,21
1279,16,21
1280,16,21
1281,16,21
1282,16,21
1283,16,21
1284,16,21
1285,16,21
1286,16,21
1287,16,21
1288,16,21
1289,16,21
1290,16,21
1291,16,21
1292,16,21
1293,16,21
1294,16,21
1295,16,21
1296,16,21
1297,16,21
1298,16,21
1299,16,21
1300,16,21
1301,16,21
1302,16,21
1303,16,21
1304,16,21
1305,16,21
1306,16,21
1307,16,21
1308,16,21
1309,16,21
1310,16,21
1311,16,21
1312,16,21
1313,16,21
1314,16,21
1315,16,21
1316,16,21
1317,16,21
1318,16,21
1319,16,21
1320,16,21
1321,16,21
1322,16,21
1323,16,21
1324,16,21
1325,16,21
1326,16,21
1327,16,21
1328,16,21
1329,16,21
1330,16,21
1331,16,21
1332,16,21
1333,16,21
1334,16,21
1335,16,21
1336,16,21
1337,16,21
1338,16,21
1339,16,21
1340,16,21
1341,16,21
1342,16,21
1343,16,21
1344,16,21
1345,16,21
1346,16,21
1347,16,21
1348,16,21
1349,16,21
1350,16,21
1351,16,21
1352,16,21
1353,16,21
1354,16,21
1355,16,21
1356,16,21
1357,16,21
1358,16,21
1359,16,21
1360,16,21
1361,16,21
1362,16,21
1363,16,21
1364,16,21
1365,16,21
1366,16,21
1367,16,21
1368,16,21
1369,16,21
1370,16,21
1371,16,21
1372,16,21
1373,16,21
1374,16,21
1375,16,21
1376,16,21
1377,16,21
1378,16,21
1379,16,21
1380,16,21
1381,16,21
1382,16,21
1383,16,21
1384,16,21
1385,16,21
1386,16,21
1387,16,21
1388,16,21
1389,16,21
1390,16,21
1391,16,21
1392,16,21
1393,16,21
1394,16,21
1395,16,21
1396,16,21
1397,16,21
1398,16,21
1399,16,21
1400,16,21
1401,16,21
1402,16,21
1403,16,21
1404,16,21
1405,16,21
1406,16,21
1407,16,21
1408,16,21
1409,16,21
1410,16,21
1411,16,21
1412,16,21
1413,16,21
1414,16,21
1415,16,21
1416,16,21
1417,16,21
1418,16,21
1419,16,21
1420,16,21
1421,16,21
1422,16,21
1423,16,21
1424,16,21
1425,16,21
1426,16,21
1427,16,21
1428,16,21
1429,16,21
1430,16,21
1431,16,21
1432,16,21
1433,16,21
1434,16,21
1435,16,21
1436,16,21
1437,16,21
1438,16,21
1439,16,21
1440,16,21
1441,16,21
1442,16,21
1443,16,21
1444,16,21
1445,16,21
1446,16,21
1447,16,21
1448,16,21
1449,16,21
1450,16,21
1451,16,21
1452,16,21
1453,16,21
1454,16,21
1455,16,21
1456,16,21
1457,16,21
1458,16,21
1459,16,21
1460,16,21
1461,16,21
1462,16,21
1463,16,21
1464,16,21
1465,16,21
1466,16,21
1467,16,21
1468,16,21
1469,16,21
1470,16,21
1471,16,21
1472,16,21
1473,16,21
1474,16,21
1475,16,21
1476,16,21
1477,16,21
1478,16,21
1479,16,21
1480,16,21
1481,16,21
1482,16,21
1483,16,21
1484,16,21
1485,16,21
1486,16,21
1487,16,21
1488,16,21
1489,16,21
1490,16,21
1491,16,21
1492,16,21
1493,16,21
1494,16,21
1495,16,21
1496,16,21
1497,16,21
1498,16,21
1499,16,21
1500,16,21
1501,16,21
1502,16,21
1503,16,21
1504,16,21
1505,16,21
1506,16,21
1507,16,21
1508,16,21
1509,16,21
1510,16,21
1511,16,21
1512,16,21
1513,16,21
1514,16,21
1515,16,21
1516,16,21
1517,16,21
1518,16,21
1519,16,21
1520,16,21
1521,16,21
1522,16,21
1523,16,21
1524,16,21
1525,16,21
1526,16,21
1527,16,21
1528,16,21
1529,16,21
1530,16,21
1531,16,21
1532,16,21
1533,16,21
1534,16,21
1535,16,21
1536,16,21
1537,16,21
1538,16,21
1539,16,21
1540,16,21
1541,16,21
1542,16,21
1543,16,21
1544,16,21
1545,16,21
1546,16,21
1547,16,21
1548,16,21
1549,16,21
1550,16,21
1551,16,21
1552,16,21
1553,16,21
1554,16,21
1555,16,21
1556,16,21
1557,16,21
1558,16,21
1559,16,21
1560,16,21
1561,16,21
1562,16,21
1563,16,21
1564,16,21
1565,16,21
1566,16,21
1567,16,21
1568,16,21
1569,16,21
1570,16,21
1571,16,21
1572,16,21
1573,16,21
1574,16,21
1575,16,21
1576,16,21
1577,16,21
1578,16,21
1579,16,21
1580,16,21
1581,16,21
1582,16,21
1583,16,21
1584,16,21
1585,16,21
1586,16,21
1587,16,21
1588,16,21
1589,16,21
1590,16,21
1591,16,21
1592,16,21
1593,16,21
1594,16,21
1595,16,21
1596,16,21
1597,16,21
1598,16,21
1599,16,21
1600,16,21
1601,16,21
1602,16,21
1603,16,21
1604,16,21
1605,16,21
1606,16,21
1607,16,21
1608,16,21
1609,16,21
1610,16,21
1611,16,21
1612,16,21
1613,16,21
1614,16,21
1615,16,21
1616,16,21
1617,16,21
1618,16,21
1619,16,21
1620,16,21
1621,16,21
1622,16,21
1623,16,21
1624,16,21
1625,16,21
1626,16,21
1627,16,21
1628,16,21
1629,16,21
1630,16,21
1631,16,21
1632,16,21
1633,16,21
1634,16,21
1635,16,21
1636,16,21
1637,16,21
1638,16,21
1639,16,21
1640,16,21
1641,16,21
1642,16,21
1643,16,21
1644,16,21
1645,16,21
1646,16,21
1647,16,21
1648,16,21
1649,16,21
1650,16,21
1651,16,21
1652,16,21
1653,16,21
1654,16,21
1655,16,21
1656,16,21
1657,16,21
1658,16,21
1659,16,21
1660,16,21
1661,16,21
1662,16,21
1663,16,21
1664,16,21
1665,16,21
1666,16,21
1667,16,21
1668,16,21
1669,16,21
1670,16,21
1671,16,21
1672,16,21
1673,16,21
1674,16,21
1675,16,21
1676,16,21
1677,16,21
1678,16,21
1679,16,21
1680,16,21
1681,16,21
1682,16,21
1683,16,21
1684,16,21
1685,16,21
1686,16,21
1687,16,21
1688,16,21
1689,16,21
1690,16,21
1691,16,21
1692,16,21
1693,16,21
1694,16,21
1695,16,21
1696,16,21
1697,16,21
1698,16,21
1699,16,21
1700,16,21
1701,16,21
1702,16,21
1703,16,21
1704,16,21
1705,16,21
1706,16,21
1707,16,21
1708,16,21
1709,16,21
1710,16,21
1711,16,21
1712,16,21
1713,16,21
1714,16,21
1715,16,21
1716,16,21
1717,16,21
1718,16,21
1719,16,21
1720,16,21
1721,16,21
1722,16,21
1723,16,21
1724,16,21
1725,16,21
1726,16,21
1727,16,21
1728,16,21
1729,16,21
1730,16,21
1731,16,21
1732,16,21
1733,16,21
1734,16,21
1735,16,21
1736,16,21
1737,16,21
1738,16,21
1739,16,21
1740,16,21
1741,16,21
1742,16,21
1743,16,21
1744,16,21
1745,16,21
1746,16,21
1747,16,21
1748,16,21
1749,16,21
1750,16,21
1751,16,21
1752,16,21
1753,16,21
1754,16,21
1755,16,21
1756,16,21
1757,16,21
1758,16,21
1759,16,21
1760,16,21
1761,16,21
1762,16,21
1763,16,21
1764,16,21
1765,16,21
1766,16,21
1767,16,21
1768,16,21
1769,16,21
1770,16,21
1771,16,21
1772,16,21
1773,16,21
1774,16,21
1775,16,21
1776,16,21
1777,16,21
1778,16,21
1779,16,21
1780,16,21
1781,16,21
1782,16,21
1783,16,21
1784,16,21
1785,16,21
1786,16,21
1787,16,21
1788,16,21
1789,16,21
1790,16,21
1791,16,21
1792,16,21
1793,16,21
1794,16,21
1795,16,21
1796,16,21
1797,16,21
1798,16,21
1799,16,21
1800,16,21
1801,16,21
1802,16,21
1803,16,21
1804,16,21
1805,16,21
1806,16,21
1807,16,21
1808,16,21
1809,16,21
1810,16,21
1811,16,21
1812,16,21
1813,16,21
1814,16,21
1815,16,21
1816,16,21
1817,16,21
1818,16,21
1819,16,21
1820,16,21
1821,16,21
1822,16,21
1823,16,21
1824,16,21
1825,16,21
1826,16,21
1827,16,21
1828,16,21
1829,16,21
1830,16,21
1831,16,21
1832,16,21
1833,16,21
1834,16,21
1835,16,21
1836,16,21
1837,16,21
1838,16,21
1839,16,21
1840,16,21
1841,16,21
1842,16,21
1843,16,21
1844,16,21
1845,16,21
1846,16,21
1847,16,21
1848,16,21
1849,16,21
1850,16,21
1851,16,21
1852,16,21
1853,16,21
1854,16,21
1855,16,21
1856,16,21
1857,16,21
1858,16,21
1859,16,21
1860,16,21
1861,16,21
1862,16,21
1863,16,21
1864,16,21
1865,16,21
1866,16,21
1867,16,21
1868,16,21
1869,16,21
1870,16,21
1871,16,21
1872,16,21
1873,16,21
1874,16,21
1875,16,21
1876,16,21
1877,16,21
1878,16,21
1879,16,21
1880,16,21
1881,16,21
1882,16,21
1883,16,21
1884,16,21
1885,16,21
1886,16,21
1887,16,21
1888,16,21
1889,16,21
1890,16,21
1891,16,21
1892,16,21
1893,16,21
1894,16,21
1895,16,21
1896,16,21
1897,16,21
1898,16,21
1899,16,21
1900,16,21
1901,16,21
1902,16,21
1903,16,21
1904,16,21
1905,16,21
1906,16,21
1907,16,21
1908,16,21
1909,16,21
1910,16,21
1911,16,21
1912,16,21
1913,16,21
1914,16,21
1915,16,21
1916,16,21
1917,16,21
1918,16,21
1919,16,21
1920,16,21
1921,16,21
1922,16,21
1923,16,21
1924,16,21
1925,16,21
1926,16,21
1927,16,21
1928,16,21
1929,16,21
1930,16,21
1931,16,21
1932,16,21
1933,16,21
1934,16,21
1935,16,21
1936,16,21
1937,16,21
1938,16,21
1939,16,21
1940,16,21
1941,16,21
1942,16,21
1943,16,21
1944,16,21
1945,16,21
1946,16,21
1947,16,21
1948,16,21
1949,16,21
1950,16,21
1951,16,21
1952,16,21
1953,16,21
1954,16,21
1955,16,21
1956,16,21
1957,16,21
1958,16,21
1959,16,21
1960,16,21
1961,16,21
1962,16,21
1963,16,21
1964,16,21
1965,16,21
1966,16,21
1967,16,21
1968,16,21
1969,16,21
1970,16,21
1971,16,21
1972,16,21
1973,16,21
1974,16,21
1975,16,21
1976,16,21
1977,16,21
1978,16,21
1979,16,21
1980,16,21
1981,16,21
1982,16,21
1983,16,21
1984,16,21
1985,16,21
1986,16,21
1987,16,21
1988,16,21
1989,16,21
1990,16,21
1991,16,21
1992,16,21
1993,16,21
1994,16,21
1995,16,21
1996,16,21
1997,16,21
1998,16,21
1999,16,21
2000,16,21
2001,16,21
2002,16,21
2003,16,21
2004,16,21
2005,16,21
2006,16,21
2007,16,21
2008,16,21
2009,16,21
2010,16,21
2011,16,21
2012,16,21
2013,16,21
2014,16,21
2015,16,21
2016,16,21
2017,16,21
2018,16,21
2019,16,21
2020,16,21
2021,16,21
2022,16,21
2023,16,21
2024,16,21
2025,16,21
2026,16,21
2027,16,21
2028,16,21
2029,16,21
2030,16,21
2031,16,21
2032,16,21
2033,16,21
2034,16,21
2035,16,21
2036,16,21
2037,16,21
2038,16,21
2039,16,21
2040,16,21
2041,16,21
2042,16,21
2043,16,21
2044,16,21
2045,16,21
2046,16,21
2047,16,21
2048,16,23
2049,16,23
2050,16,23
2051,16,23
2052,16,23
2053,16,23
2054,16,23
2055,16,23
2056,16,23
2057,16,23
2058,16,23
2059,16,23
2060,16,23
2061,16,23
2062,16,23
2063,16,23
2064,16,23
2065,16,23
2066,16,23
2067,16,23
2068,16,23
2069,16,23
2070,16,23
2071,16,23
2072,16,23
2073,16,23
2074,16,23
2075,16,23
2076,16,23
2077,16,23
2078,16,23
2079,16,23
2080,16,23
2081,16,23
2082,16,23
2083,16,23
2084,16,23
2085,16,23
2086,16,23
2087,16,23
2088,16,23
2089,16,23
2090,16,23
2091,16,23
2092,16,23
2093,16,23
2094,16,23
2095,16,23
2096,16,23
2097,16,23
2098,16,23
2099,16,23
2100,16,23
2101,16,23
2102,16,23
2103,16,23
2104,16,23
2105,16,23
2106,16,23
2107,16,23
2108,16,23
2109,16,23
2110,16,23
2111,16,23
2112,16,23
2113,16,23
2114,16,23
2115,16,23
2116,16,23
2117,16,23
2118,16,23
2119,16,23
2120,16,23
2121,16,23
2122,16,23
2123,16,23
2124,16,23
2125,16,23
2126,16,23
2127,16,23
2128,16,23
2129,16,23
2130,16,23
2131,16,23
2132,16,23
2133,16,23
2134,16,23
2135,16,23
2136,16,23
2137,16,23
2138,16,23
2139,16,23
2140,16,23
2141,16,23
2142,16,23
2143,16,23
2144,16,23
2145,16,23
2146,16,23
2147,16,23
2148,16,23
2149,16,23
2150,16,23
2151,16,23
2152,16,23
2153,16,23
2154,16,23
2155,16,23
2156,16,23
2157,16,23
2158,16,23
2159,16,23
2160,16,23
2161,16,23
2162,16,23
2163,16,23
2164,16,23
2165,16,23
2166,16,23
2167,16,23
2168,16,23
2169,16,23
2170,16,23
2171,16,23
2172,16,23
2173,16,23
2174,16,23
2175,16,23
2176,16,23
2177,16,23
2178,16,23
2179,16,23
2180,16,23
2181,16,23
2182,16,23
2183,16,23
2184,16,23
2185,16,23
2186,16,23
2187,16,23
2188,16,23
2189,16,23
2190,16,23
2191,16,23
2192,16,23
2193,16,23
2194,16,23
2195,16,23
2196,16,23
2197,16,23
2198,16,23
2199,16,23
2200,16,23
2201,16,23
2202,16,23
2203,16,23
2204,16,23
2205,16,23
2206,16,23
2207,16,23
2208,16,23
2209,16,23
2210,16,23
2211,16,23
2212,16,23
2213,16,23
2214,16,23
2215,16,23
2216,16,23
2217,16,23
2218,16,23
2219,16,23
2220,16,23
2221,16,23
2222,16,23
2223,16,23
2224,16,23
2225,16,23
2226,16,23
2227,16,23
2228,16,23
2229,16,23
2230,16,23
2231,16,23
2232,16,23
2233,16,23
2234,16,23
2235,16,23
2236,16,23
2237,16,23
2238,16,23
2239,16,23
2240,16,23
2241,16,23
2242,16,23
2243,16,23
2244,16,23
2245,16,23
2246,16,23
2247,16,23
2248,16,23
2249,16,23
2250,16,23
2251,16,23
2252,16,23
2253,16,23
2254,16,23
2255,16,23
2256,16,23
2257,16,23
2258,16,23
2259,16,23
2260,16,23
2261,16,23
2262,16,23
2263,16,23
2264,16,23
2265,16,23
2266,16,23
2267,16,23
2268,16,23
2269,16,23
2270,16,23
2271,16,23
2272,16,23
2273,16,23
2274,16,23
2275,16,23
2276,16,23
2277,16,23
2278,16,23
2279,16,23
2280,16,23
2281,16,23
2282,16,23
2283,16,23
2284,16,23
2285,16,23
2286,16,23
2287,16,23
2288,16,23
2289,16,23
2290,16,23
2291,16,23
2292,16,23
2293,16,23
2294,16,23
2295,16,23
2296,16,23
2297,16,23
2298,16,23
2299,16,23
2300,16,23
2301,16,23
2302,16,23
2303,16,23
2304,16,23
2305,16,23
2306,16,23
2307,16,23
2308,16,23
2309,16,23
2310,16,23
2311,16,23
2312,16,23
2313,16,23
2314,16,23
2315,16,23
2316,16,23
2317,16,23
2318,16,23
2319,16,23
2320,16,23
2321,16,23
2322,16,23
2323,16,23
2324,16,23
2325,16,23
2326,16,23
2327,16,23
2328,16,23
2329,16,23
2330,16,23
2331,16,23
2332,16,23
2333,16,23
2334,16,23
2335,16,23
2336,16,23
2337,16,23
2338,16,23
2339,16,23
2340,16,23
2341,16,23
2342,16,23
2343,16,23
2344,16,23
2345,16,23
2346,16,23
2347,16,23
2348,16,23
2349,16,23
2350,16,23
2351,16,23
2352,16,23
2353,16,23
2354,16,23
2355,16,23
2356,16,23
2357,16,23
2358,16,23
2359,16,23
2360,16,23
2361,16,23
2362,16,23
2363,16,23
2364,16,23
2365,16,23
2366,16,23
2367,16,23
2368,16,23
2369,16,23
2370,16,23
2371,16,23
2372,16,23
2373,16,23
2374,16,23
2375,16,23
2376,16,23
2377,16,23
2378,16,23
2379,16,23
2380,16,23
2381,16,23
2382,16,23
2383,16,23
2384,16,23
2385,16,23
2386,16,23
2387,16,23
2388,16,23
2389,16,23
2390,16,23
2391,16,23
2392,16,23
2393,16,23
2394,16,23
2395,16,23
2396,16,23
2397,16,23
2398,16,23
2399,16,23
2400,16,23
2401,16,23
2402,16,23
2403,16,23
2404,16,23
2405,16,23
2406,16,23
2407,16,23
2408,16,23
2409,16,23
2410,16,23
2411,16,23
2412,16,23
2413,16,23
2414,16,23
2415,16,23
2416,16,23
2417,16,23
2418,16,23
2419,16,23
2420,16,23
2421,16,23
2422,16,23
2423,16,23
2424,16,23
2425,16,23
2426,16,23
2427,16,23
2428,16,23
2429,16,23
2430,16,23
2431,16,23
2432,16,23
2433,16,23
2434,16,23
2435,16,23
2436,16,23
2437,16,23
2438,16,23
2439,16,23
2440,16,23
2441,16,23
2442,16,23
2443,16,23
2444,16,23
2445,16,23
2446,16,23
2447,16,23
2448,16,23
2449,16,23
2450,16,23
2451,16,23
2452,16,23
2453,16,23
2454,16,23
2455,16,23
2456,16,23
2457,16,23
2458,16,23
2459,16,23
2460,16,23
2461,16,23
2462,16,23
2463,16,23
2464,16,23
2465,16,23
2466,16,23
2467,16,23
2468,16,23
2469,16,23
2470,16,23
2471,16,23
2472,16,23
2473,16,23
2474,16,23
2475,16,23
2476,16,23
2477,16,23
2478,16,23
2479,16,23
2480,16,23
2481,16,23
2482,16,23
2483,16,23
2484,16,23
2485,16,23
2486,16,23
2487,16,23
2488,16,23
2489,16,23
2490,16,23
2491,16,23
2492,16,23
2493,16,23
2494,16,23
2495,16,23
2496,16,23
2497,16,23
2498,16,23
2499,16,23
2500,16,23
2501,16,23
2502,16,23
2503,16,23
2504,16,23
2505,16,23
2506,16,23
2507,16,23
2508,16,23
2509,16,23
2510,16,23
2511,16,23
2512,16,23
2513,16,23
2514,16,23
2515,16,23
2516,16,23
2517,16,23
2518,16,23
2519,16,23
2520,16,23
2521,16,23
2522,16,23
2523,16,23
2524,16,23
2525,16,23
2526,16,23
2527,16,23
2528,16,23
2529,16,23
2530,16,23
2531,16,23
2532,16,23
2533,16,23
2534,16,23
2535,16,23
2536,16,23
2537,16,23
2538,16,23
2539,16,23
2540,16,23
2541,16,23
2542,16,23
2543,16,23
2544,16,23
2545,16,23
2546,16,23
2547,16,23
2548,16,23
2549,16,23
2550,16,23
2551,16,23
2552,16,23
2553,16,23
2554,16,23
2555,16,23
2556,16,23
2557,16,23
2558,16,23
2559,16,23
2560,16,23
2561,16,23
2562,16,23
2563,16,23
2564,16,23
2565,16,23
2566,16,23
2567,16,23
2568,16,23
2569,16,23
2570,16,23
2571,16,23
2572,16,23
2573,16,23
2574,16,23
2575,16,23
2576,16,23
2577,16,23
2578,16,23
2579,16,23
2580,16,23
2581,16,23
2582,16,23
2583,16,23
2584,16,23
2585,16,23
2586,16,23
2587,16,23
2588,16,23
2589,16,23
2590,16,23
2591,16,23
2592,16,23
2593,16,23
2594,16,23
2595,16,23
2596,16,23
2597,16,23
2598,16,23
2599,16,23
2600,16,23
2601,16,23
2602,16,23
2603,16,23
2604,16,23
2605,16,23
2606,16,23
2607,16,23
2608,16,23
2609,16,23
2610,16,23
2611,16,23
2612,16,23
2613,16,23
2614,16,23
2615,16,23
2616,16,23
2617,16,23
2618,16,23
2619,16,23
2620,16,23
2621,16,23
2622,16,23
2623,16,23
2624,16,23
2625,16,23
2626,16,23
2627,16,23
2628,16,23
2629,16,23
2630,16,23
2631,16,23
2632,16,23
2633,16,23
2634,16,23
2635,16,23
2636,16,23
2637,16,23
2638,16,23
2639,16,23
2640,16,23
2641,16,23
2642,16,23
2643,16,23
2644,16,23
2645,16,23
2646,16,23
2647,16,23
2648,16,23
2649,16,23
2650,16,23
2651,16,23
2652,16,23
2653,16,23
2654,16,23
2655,16,23
2656,16,23
2657,16,23
2658,16,23
2659,16,23
2660,16,23
2661,16,23
2662,16,23
2663,16,23
2664,16,23
2665,16,23
2666,16,23
2667,16,23
2668,16,23
2669,16,23
2670,16,23
2671,16,23
2672,16,23
2673,16,23
2674,16,23
2675,16,23
2676,16,23
2677,16,23
2678,16,23
2679,16,23
2680,16,23
2681,16,23
2682,16,23
2683,16,23
2684,16,23
2685,16,23
2686,16,23
2687,16,23
2688,16,23
2689,16,23
2690,16,23
2691,16,23
2692,16,23
2693,16,23
2694,16,23
2695,16,23
2696,16,23
2697,16,23
2698,16,23
2699,16,23
2700,16,23
2701,16,23
2702,16,23
2703,16,23
2704,16,23
2705,16,23
2706,16,23
2707,16,23
2708,16,23
2709,16,23
2710,16,23
2711,16,23
2712,16,23
2713,16,23
2714,16,23
2715,16,23
2716,16,23
2717,16,23
2718,16,23
2719,16,23
2720,16,23
2721,16,23
2722,16,23
2723,16,23
2724,16,23
2725,16,23
2726,16,23
2727,16,23
2728,16,23
2729,16,23
2730,16,23
2731,16,23
2732,16,23
2733,16,23
2734,16,23
2735,16,23
2736,16,23
2737,16,23
2738,16,23
2739,16,23
2740,16,23
2741,16,23
2742,16,23
2743,16,23
2744,16,23
2745,16,23
2746,16,23
2747,16,23
2748,16,23
2749,16,23
2750,16,23
2751,16,23
2752,16,23
2753,16,23
2754,16,23
2755,16,23
2756,16,23
2757,16,23
2758,16,23
2759,16,23
2760,16,23
2761,16,23
2762,16,23
2763,16,23
2764,16,23
2765,16,23
2766,16,23
2767,16,23
2768,16,23
2769,16,23
2770,16,23
2771,16,23
2772,16,23
2773,16,23
2774,16,23
2775,16,23
2776,16,23
2777,16,23
2778,16,23
2779,16,23
2780,16,23
2781,16,23
2782,16,23
2783,16,23
2784,16,23
2785,16,23
2786,16,23
2787,16,23
2788,16,23
2789,16,23
2790,16,23
2791,16,23
2792,16,23
2793,16,23
2794,16,23
2795,16,23
2796,16,23
2797,16,23
2798,16,23
2799,16,23
2800,16,23
2801,16,23
2802,16,23
2803,16,23
2804,16,23
2805,16,23
2806,16,23
2807,16,23
2808,16,23
2809,16,23
2810,16,23
2811,16,23
2812,16,23
2813,16,23
2814,16,23
2815,16,23
2816,16,23
2817,16,23
2818,16,23
2819,16,23
2820,16,23
2821,16,23
2822,16,23
2823,16,23
2824,16,23
2825,16,23
2826,16,23
2827,16,23
2828,16,23
2829,16,23
2830,16,23
2831,16,23
2832,16,23
2833,16,23
2834,16,23
2835,16,23
2836,16,23
2837,16,23
2838,16,23
2839,16,23
2840,16,23
2841,16,23
2842,16,23
2843,16,23
2844,16,23
2845,16,23
2846,16,23
2847,16,23
2848,16,23
2849,16,23
2850,16,23
2851,16,23
2852,16,23
2853,16,23
2854,16,23
2855,16,23
2856,16,23
2857,16,23
2858,16,23
2859,16,23
2860,16,23
2861,16,23
2862,16,23
2863,16,23
2864,16,23
2865,16,23
2866,16,23
2867,16,23
2868,16,23
2869,16,23
2870,16,23
2871,16,23
2872,16,23
2873,16,23
2874,16,23
2875,16,23
2876,16,23
2877,16,23
2878,16,23
2879,16,23
2880,16,23
2881,16,23
2882,16,23
2883,16,23
2884,16,23
2885,16,23
2886,16,23
2887,16,23
2888,16,23
2889,16,23
2890,16,23
2891,16,23
2892,16,23
2893,16,23
2894,16,23
2895,16,23
2896,16,23
2897,16,23
2898,16,23
2899,16,23
2900,16,23
2901,16,23
2902,16,23
2903,16,23
2904,16,23
2905,16,23
2906,16,23
2907,16,23
2908,16,23
2909,16,23
2910,16,23
2911,16,23
2912,16,23
2913,16,23
2914,16,23
2915,16,23
2916,16,23
2917,16,23
2918,16,23
2919,16,23
2920,16,23
2921,16,23
2922,16,23
2923,16,23
2924,16,23
2925,16,23
2926,16,23
2927,16,23
2928,16,23
2929,16,23
2930,16,23
2931,16,23
2932,16,23
2933,16,23
2934,16,23
2935,16,23
2936,16,23
2937,16,23
2938,16,23
2939,16,23
2940,16,23
2941,16,23
2942,16,23
2943,16,23
2944,16,23
2945,16,23
2946,16,23
2947,16,23
2948,16,23
2949,16,23
2950,16,23
2951,16,23
2952,16,23
2953,16,23
2954,16,23
2955,16,23
2956,16,23
2957,16,23
2958,16,23
2959,16,23
2960,16,23
2961,16,23
2962,16,23
2963,16,23
2964,16,23
2965,16,23
2966,16,23
2967,16,23
2968,16,23
2969,16,23
2970,16,23
2971,16,23
2972,16,23
2973,16,23
2974,16,23
2975,16,23
2976,16,23
2977,16,23
2978,16,23
2979,16,23
2980,16,23
2981,16,23
2982,16,23
2983,16,23
2984,16,23
2985,16,23
2986,16,23
2987,16,23
2988,16,23
2989,16,23
2990,16,23
2991,16,23
2992,16,23
2993,16,23
2994,16,23
2995,16,23
2996,16,23
2997,16,23
2998,16,23
2999,16,23
3000,16,23
3001,16,23
3002,16,23
3003,16,23
3004,16,23
3005,16,23
3006,16,23
3007,16,23
3008,16,23
3009,16,23
3010,16,23
3011,16,23
3012,16,23
3013,16,23
3014,16,23
3015,16,23
3016,16,23
3017,16,23
3018,16,23
3019,16,23
3020,16,23
3021,16,23
3022,16,23
3023,16,23
3024,16,23
3025,16,23
3026,16,23
3027,16,23
3028,16,23
3029,16,23
3030,16,23
3031,16,23
3032,16,23
3033,16,23
3034,16,23
3035,16,23
3036,16,23
3037,16,23
3038,16,23
3039,16,23
3040,16,23
3041,16,23
3042,16,23
3043,16,23
3044,16,23
3045,16,23
3046,16,23
3047,16,23
3048,16,23
3049,16,23
3050,16,23
3051,16,23
3052,16,23
3053,16,23
3054,16,23
3055,16,23
3056,16,23
3057,16,23
3058,16,23
3059,16,23
3060,16,23
3061,16,23
3062,16,23
3063,16,23
3064,16,23
3065,16,23
3066,16,23
3067,16,23
3068,16,23
3069,16,23
3070,16,23
3071,16,23
3072,16,23
3073,16,23
3074,16,23
3075,16,23
3076,16,23
3077,16,23
3078,16,23
3079,16,23
3080,16,23
3081,16,23
3082,16,23
3083,16,23
3084,16,23
3085,16,23
3086,16,23
3087,16,23
3088,16,23
3089,16,23
3090,16,23
3091,16,23
3092,16,23
3093,16,23
3094,16,23
3095,16,23
3096,16,23
3097,16,23
3098,16,23
3099,16,23
3100,16,23
3101,16,23
3102,16,23
3103,16,23
3104,16,23
3105,16,23
3106,16,23
3107,16,23
3108,16,23
3109,16,23
3110,16,23
3111,16,23
3112,16,23
3113,16,23
3114,16,23
3115,16,23
3116,16,23
3117,16,23
3118,16,23
3119,16,23
3120,16,23
3121,16,23
3122,16,23
3123,16,23
3124,16,23
3125,16,23
3126,16,23
3127,16,23
3128,16,23
3129,16,23
3130,16,23
3131,16,23
3132,16,23
3133,16,23
3134,16,23
3135,16,23
3136,16,23
3137,16,23
3138,16,23
3139,16,23
3140,16,23
3141,16,23
3142,16,23
3143,16,23
3144,16,23
3145,16,23
3146,16,23
3147,16,23
3148,16,23
3149,16,23
3150,16,23
3151,16,23
3152,16,23
3153,16,23
3154,16,23
3155,16,23
3156,16,23
3157,16,23
3158,16,23
3159,16,23
3160,16,23
3161,16,23
3162,16,23
3163,16,23
3164,16,23
3165,16,23
3166,16,23
3167,16,23
3168,16,23
3169,16,23
3170,16,23
3171,16,23
3172,16,23
3173,16,23
3174,16,23
3175,16,23
3176,16,23
3177,16,23
3178,16,23
3179,16,23
3180,16,23
3181,16,23
3182,16,23
3183,16,23
3184,16,23
3185,16,23
3186,16,23
3187,16,23
3188,16,23
3189,16,23
3190,16,23
3191,16,23
3192,16,23
3193,16,23
3194,16,23
3195,16,23
3196,16,23
3197,16,23
3198,16,23
3199,16,23
3200,16,23
3201,16,23
3202,16,23
3203,16,23
3204,16,23
3205,16,23
3206,16,23
3207,16,23
3208,16,23
3209,16,23
3210,16,23
3211,16,23
3212,16,23
3213,16,23
3214,16,23
3215,16,23
3216,16,23
3217,16,23
3218,16,23
3219,16,23
3220,16,23
3221,16,23
3222,16,23
3223,16,23
3224,16,23
3225,16,23
3226,16,23
3227,16,23
3228,16,23
3229,16,23
3230,16,23
3231,16,23
3232,16,23
3233,16,23
3234,16,23
3235,16,23
3236,16,23
3237,16,23
3238,16,23
3239,16,23
3240,16,23
3241,16,23
3242,16,23
3243,16,23
3244,16,23
3245,16,23
3246,16,23
3247,16,23
3248,16,23
3249,16,23
3250,16,23
3251,16,23
3252,16,23
3253,16,23
3254,16,23
3255,16,23
3256,16,23
3257,16,23
3258,16,23
3259,16,23
3260,16,23
3261,16,23
3262,16,23
3263,16,23
3264,16,23
3265,16,23
3266,16,23
3267,16,23
3268,16,23
3269,16,23
3270,16,23
3271,16,23
3272,16,23
3273,16,23
3274,16,23
3275,16,23
3276,16,23
3277,16,23
3278,16,23
3279,16,23
3280,16,23
3281,16,23
3282,16,23
3283,16,23
3284,16,23
3285,16,23
3286,16,23
3287,16,23
3288,16,23
3289,16,23
3290,16,23
3291,16,23
3292,16,23
3293,16,23
3294,16,23
3295,16,23
3296,16,23
3297,16,23
3298,16,23
3299,16,23
3300,16,23
3301,16,23
3302,16,23
3303,16,23
3304,16,23
3305,16,23
3306,16,23
3307,16,23
3308,16,23
3309,16,23
3310,16,23
3311,16,23
3312,16,23
3313,16,23
3314,16,23
3315,16,23
3316,16,23
3317,16,23
3318,16,23
3319,16,23
3320,16,23
3321,16,23
3322,16,23
3323,16,23
3324,16,23
3325,16,23
3326,16,23
3327,16,23
3328,16,23
3329,16,23
3330,16,23
3331,16,23
3332,16,23
3333,16,23
3334,16,23
3335,16,23
3336,16,23
3337,16,23
3338,16,23
3339,16,23
3340,16,23
3341,16,23
3342,16,23
3343,16,23
3344,16,23
3345,16,23
3346,16,23
3347,16,23
3348,16,23
3349,16,23
3350,16,23
3351,16,23
3352,16,23
3353,16,23
3354,16,23
3355,16,23
3356,16,23
3357,16,23
3358,16,23
3359,16,23
3360,16,23
3361,16,23
3362,16,23
3363,16,23
3364,16,23
3365,16,23
3366,16,23
3367,16,23
3368,16,23
3369,16,23
3370,16,23
3371,16,23
3372,16,23
3373,16,23
3374,16,23
3375,16,23
3376,16,23
3377,16,23
3378,16,23
3379,16,23
3380,16,23
3381,16,23
3382,16,23
3383,16,23
3384,16,23
3385,16,23
3386,16,23
3387,16,23
3388,16,23
3389,16,23
3390,16,23
3391,16,23
3392,16,23
3393,16,23
3394,16,23
3395,16,23
3396,16,23
3397,16,23
3398,16,23
3399,16,23
3400,16,23
3401,16,23
3402,16,23
3403,16,23
3404,16,23
3405,16,23
3406,16,23
3407,16,23
3408,16,23
3409,16,23
3410,16,23
3411,16,23
3412,16,23
3413,16,23
3414,16,23
3415,16,23
3416,16,23
3417,16,23
3418,16,23
3419,16,23
3420,16,23
3421,16,23
3422,16,23
3423,16,23
3424,16,23
3425,16,23
3426,16,23
3427,16,23
3428,16,23
3429,16,23
3430,16,23
3431,16,23
3432,16,23
3433,16,23
3434,16,23
3435,16,23
3436,16,23
3437,16,23
3438,16,23
3439,16,23
3440,16,23
3441,16,23
3442,16,23
3443,16,23
3444,16,23
3445,16,23
3446,16,23
3447,16,23
3448,16,23
3449,16,23
3450,16,23
3451,16,23
3452,16,23
3453,16,23
3454,16,23
3455,16,23
3456,16,23
3457,16,23
3458,16,23
3459,16,23
3460,16,23
3461,16,23
3462,16,23
3463,16,23
3464,16,23
3465,16,23
3466,16,23
3467,16,23
3468,16,23
3469,16,23
3470,16,23
3471,16,23
3472,16,23
3473,16,23
3474,16,23
3475,16,23
3476,16,23
3477,16,23
3478,16,23
3479,16,23
3480,16,23
3481,16,23
3482,16,23
3483,16,23
3484,16,23
3485,16,23
3486,16,23
3487,16,23
3488,16,23
3489,16,23
3490,16,23
3491,16,23
3492,16,23
3493,16,23
3494,16,23
3495,16,23
3496,16,23
3497,16,23
3498,16,23
3499,16,23
3500,16,23
3501,16,23
3502,16,23
3503,16,23
3504,16,23
3505,16,23
3506,16,23
3507,16,23
3508,16,23
3509,16,23
3510,16,23
3511,16,23
3512,16,23
3513,16,23
3514,16,23
3515,16,23
3516,16,23
3517,16,23
3518,16,23
3519,16,23
3520,16,23
3521,16,23
3522,16,23
3523,16,23
3524,16,23
3525,16,23
3526,16,23
3527,16,23
3528,16,23
3529,16,23
3530,16,23
3531,16,23
3532,16,23
3533,16,23
3534,16,23
3535,16,23
3536,16,23
3537,16,23
3538,16,23
3539,16,23
3540,16,23
3541,16,23
3542,16,23
3543,16,23
3544,16,23
3545,16,23
3546,16,23
3547,16,23
3548,16,23
3549,16,23
3550,16,23
3551,16,23
3552,16,23
3553,16,23
3554,16,23
3555,16,23
3556,16,23
3557,16,23
3558,16,23
3559,16,23
3560,16,23
3561,16,23
3562,16,23
3563,16,23
3564,16,23
3565,16,23
3566,16,23
3567,16,23
3568,16,23
3569,16,23
3570,16,23
3571,16,23
3572,16,23
3573,16,23
3574,16,23
3575,16,23
3576,16,23
3577,16,23
3578,16,23
3579,16,23
3580,16,23
3581,16,23
3582,16,23
3583,16,23
3584,16,23
3585,16,23
3586,16,23
3587,16,23
3588,16,23
3589,16,23
3590,16,23
3591,16,23
3592,16,23
3593,16,23
3594,16,23
3595,16,23
3596,16,23
3597,16,23
3598,16,23
3599,16,23
3600,16,23
3601,16,23
3602,16,23
3603,16,23
3604,16,23
3605,16,23
3606,16,23
3607,16,23
3608,16,23
3609,16,23
3610,16,23
3611,16,23
3612,16,23
3613,16,23
3614,16,23
3615,16,23
3616,16,23
3617,16,23
3618,16,23
3619,16,23
3620,16,23
3621,16,23
3622,16,23
3623,16,23
3624,16,23
3625,16,23
3626,16,23
3627,16,23
3628,16,23
3629,16,23
3630,16,23
3631,16,23
3632,16,23
3633,16,23
3634,16,23
3635,16,23
3636,16,23
3637,16,23
3638,16,23
3639,16,23
3640,16,23
3641,16,23
3642,16,23
3643,16,23
3644,16,23
3645,16,23
3646,16,23
3647,16,23
3648,16,23
3649,16,23
3650,16,23
3651,16,23
3652,16,23
3653,16,23
3654,16,23
3655,16,23
3656,16,23
3657,16,23
3658,16,23
3659,16,23
3660,16,23
3661,16,23
3662,16,23
3663,16,23
3664,16,23
3665,16,23
3666,16,23
3667,16,23
3668,16,23
3669,16,23
3670,16,23
3671,16,23
3672,16,23
3673,16,23
3674,16,23
3675,16,23
3676,16,23
3677,16,23
3678,16,23
3679,16,23
3680,16,23
3681,16,23
3682,16,23
3683,16,23
3684,16,23
3685,16,23
3686,16,23
3687,16,23
3688,16,23
3689,16,23
3690,16,23
3691,16,23
3692,16,23
3693,16,23
3694,16,23
3695,16,23
3696,16,23
3697,16,23
3698,16,23
3699,16,23
3700,16,23
3701,16,23
3702,16,23
3703,16,23
3704,16,23
3705,16,23
3706,16,23
3707,16,23
3708,16,23
3709,16,23
3710,16,23
3711,16,23
3712,16,23
3713,16,23
3714,16,23
3715,16,23
3716,16,23
3717,16,23
3718,16,23
3719,16,23
3720,16,23
3721,16,23
3722,16,23
3723,16,23
3724,16,23
3725,16,23
3726,16,23
3727,16,23
3728,16,23
3729,16,23
3730,16,23
3731,16,23
3732,16,23
3733,16,23
3734,16,23
3735,16,23
3736,16,23
3737,16,23
3738,16,23
3739,16,23
3740,16,23
3741,16,23
3742,16,23
3743,16,23
3744,16,23
3745,16,23
3746,16,23
3747,16,23
3748,16,23
3749,16,23
3750,16,23
3751,16,23
3752,16,23
3753,16,23
3754,16,23
3755,16,23
3756,16,23
3757,16,23
3758,16,23
3759,16,23
3760,16,23
3761,16,23
3762,16,23
3763,16,23
3764,16,23
3765,16,23
3766,16,23
3767,16,23
3768,16,23
3769,16,23
3770,16,23
3771,16,23
3772,16,23
3773,16,23
3774,16,23
3775,16,23
3776,16,23
3777,16,23
3778,16,23
3779,16,23
3780,16,23
3781,16,23
3782,16,23
3783,16,23
3784,16,23
3785,16,23
3786,16,23
3787,16,23
3788,16,23
3789,16,23
3790,16,23
3791,16,23
3792,16,23
3793,16,23
3794,16,23
3795,16,23
3796,16,23
3797,16,23
3798,16,23
3799,16,23
3800,16,23
3801,16,23
3802,16,23
3803,16,23
3804,16,23
3805,16,23
3806,16,23
3807,16,23
3808,16,23
3809,16,23
3810,16,23
3811,16,23
3812,16,23
3813,16,23
3814,16,23
3815,16,23
3816,16,23
3817,16,23
3818,16,23
3819,16,23
3820,16,23
3821,16,23
3822,16,23
3823,16,23
3824,16,23
3825,16,23
3826,16,23
3827,16,23
3828,16,23
3829,16,23
3830,16,23
3831,16,23
3832,16,23
3833,16,23
3834,16,23
3835,16,23
3836,16,23
3837,16,23
3838,16,23
3839,16,23
3840,16,23
3841,16,23
3842,16,23
3843,16,23
3844,16,23
3845,16,23
3846,16,23
3847,16,23
3848,16,23
3849,16,23
3850,16,23
3851,16,23
3852,16,23
3853,16,23
3854,16,23
3855,16,23
3856,16,23
3857,16,23
3858,16,23
3859,16,23
3860,16,23
3861,16,23
3862,16,23
3863,16,23
3864,16,23
3865,16,23
3866,16,23
3867,16,23
3868,16,23
3869,16,23
3870,16,23
3871,16,23
3872,16,23
3873,16,23
3874,16,23
3875,16,23
3876,16,23
3877,16,23
3878,16,23
3879,16,23
3880,16,23
3881,16,23
3882,16,23
3883,16,23
3884,16,23
3885,16,23
3886,16,23
3887,16,23
3888,16,23
3889,16,23
3890,16,23
3891,16,23
3892,16,23
3893,16,23
3894,16,23
3895,16,23
3896,16,23
3897,16,23
3898,16,23
3899,16,23
3900,16,23
3901,16,23
3902,16,23
3903,16,23
3904,16,23
3905,16,23
3906,16,23
3907,16,23
3908,16,23
3909,16,23
3910,16,23
3911,16,23
3912,16,23
3913,16,23
3914,16,23
3915,16,23
3916,16,23
3917,16,23
3918,16,23
3919,16,23
3920,16,23
3921,16,23
3922,16,23
3923,16,23
3924,16,23
3925,16,23
3926,16,23
3927,16,23
3928,16,23
3929,16,23
3930,16,23
3931,16,23
3932,16,23
3933,16,23
3934,16,23
3935,16,23
3936,16,23
3937,16,23
3938,16,23
3939,16,23
3940,16,23
3941,16,23
3942,16,23
3943,16,23
3944,16,23
3945,16,23
3946,16,23
3947,16,23
3948,16,23
3949,16,23
3950,16,23
3951,16,23
3952,16,23
3953,16,23
3954,16,23
3955,16,23
3956,16,23
3957,16,23
3958,16,23
3959,16,23
3960,16,23
3961,16,23
3962,16,23
3963,16,23
3964,16,23
3965,16,23
3966,16,23
3967,16,23
3968,16,23
3969,16,23
3970,16,23
3971,16,23
3972,16,23
3973,16,23
3974,16,23
3975,16,23
3976,16,23
3977,16,23
3978,16,23
3979,16,23
3980,16,23
3981,16,23
3982,16,23
3983,16,23
3984,16,23
3985,16,23
3986,16,23
3987,16,23
3988,16,23
3989,16,23
3990,16,23
3991,16,23
3992,16,23
3993,16,23
3994,16,23
3995,16,23
3996,16,23
3997,16,23
3998,16,23
3999,16,23
4000,16,23
4001,16,23
4002,16,23
4003,16,23
4004,16,23
4005,16,23
4006,16,23
4007,16,23
4008,16,23
4009,16,23
4010,16,23
4011,16,23
4012,16,23
4013,16,23
4014,16,23
4015,16,23
4016,16,23
4017,16,23
4018,16,23
4019,16,23
4020,16,23
4021,16,23
4022,16,23
4023,16,23
4024,16,23
4025,16,23
4026,16,23
4027,16,23
4028,16,23
4029,16,23
4030,16,23
4031,16,23
4032,16,23
4033,16,23
4034,16,23
4035,16,23
4036,16,23
4037,16,23
4038,16,23
4039,16,23
4040,16,23
4041,16,23
4042,16,23
4043,16,23
4044,16,23
4045,16,23
4046,16,23
4047,16,23
4048,16,23
4049,16,23
4050,16,23
4051,16,23
4052,16,23
4053,16,23
4054,16,23
4055,16,23
4056,16,23
4057,16,23
4058,16,23
4059,16,23
4060,16,23
4061,16,23
4062,16,23
4063,16,23
4064,16,23
4065,16,23
4066,16,23
4067,16,23
4068,16,23
4069,16,23
4070,16,23
4071,16,23
4072,16,23
4073,16,23
4074,16,23
4075,16,23
4076,16,23
4077,16,23
4078,16,23
4079,16,23
4080,16,23
4081,16,23
4082,16,23
4083,16,23
4084,16,23
4085,16,23
4086,16,23
4087,16,23
4088,16,23
4089,16,23
4090,16,23
4091,16,23
4092,16,23
4093,16,23
4094,16,23
4095,16,23
4096,16,25
4097,16,25
4098,16,25
4099,16,25
4100,16,25
4101,16,25
4102,16,25
4103,16,25
4104,16,25
4105,16,25
4106,16,25
4107,16,25
4108,16,25
4109,16,25
4110,16,25
4111,16,25
4112,16,25
4113,16,25
4114,16,25
4116,16,25
4117,16,25
4118,16,25
4119,16,25
4120,16,25
4121,16,25
4123,16,25
4124,16,25
4125,16,25
4126,16,25
4127,16,25
4128,16,25
4129,16,25
4130,16,25
4131,16,25
4132,16,25
4133,16,25
4134,16,25
4135,16,25
4136,16,25
4137,16,25
4138,16,25
4139,16,25
4140,16,25
4141,16,25
4142,16,25
4143,16,25
4144,16,25
4145,16,25
4147,16,25
4149,16,25
4150,16,25
4151,16,25
4152,16,25
4153,16,25
4154,16,25
4155,16,25
4156,16,25
4157,16,25
4158,16,25
4159,16,25
4160,16,25
4161,16,25
4162,16,25
4163,16,25
4164,16,25
4165,16,25
4166,16,25
4167,16,25
4168,16,25
4169,16,25
4170,16,25
4171,16,25
4172,16,25
4174,16,25
4175,16,25
4177,16,25
4179,16,25
4180,16,25
4181,16,25
4182,16,25
4183,16,25
4184,16,25
4186,16,25
4187,16,25
4188,16,25
4189,16,25
4190,16,25
4191,16,25
4192,16,25
4193,16,25
4194,16,25
4195,16,25
4196,16,25
4197,16,25
4198,16,25
4199,16,25
4200,16,25
4201,16,25
4202,16,25
4203,16,25
4204,16,25
4205,16,25
4207,16,25
4208,16,25
4209,16,25
4210,16,25
4211,16,25
4212,16,25
4214,16,25
4215,16,25
4217,16,25
4218,16,25
4220,16,25
4222,16,25
4223,16,25
4224,16,25
4225,16,25
4226,16,25
4229,16,25
4231,16,25
4232,16,25
4233,16,25
4234,16,25
4235,16,25
4236,16,25
4237,16,25
4239,16,25
4240,16,25
4241,16,25
4242,16,25
4243,16,25
4245,16,25
4247,16,25
4248,16,25
4249,16,25
4251,16,25
4252,16,25
4254,16,25
4256,16,25
4259,16,25
4260,16,25
4262,16,25
4264,16,25
4265,16,25
4266,16,25
4267,16,25
4268,16,25
4269,16,25
4272,16,25
4273,16,25
4275,16,25
4277,16,25
4278,16,25
4279,16,25
4280,16,25
4282,16,25
4284,16,25
4288,16,25
4290,16,25
4291,16,25
4292,16,25
4293,16,25
4296,16,25
4297,16,25
4298,16,25
4300,16,25
4301,16,25
4302,16,25
4303,16,25
4306,16,25
4308,16,25
4310,16,25
4315,16,25
4321,16,25
4323,16,25
4324,16,25
4325,16,25
4327,16,25
4329,16,25
4330,16,25
4335,16,25
4341,16,25
4346,16,25
4356,16,25
4357,16,25
