COMMENT,NRI burma14 autogeneration or parameters for 90 percent load factor
SORT_BY,0
LABEL,NRI
7.542857,138873
7.542857,138873
7.542857,138873
7.542857,138873
7.542857,138873
9.142857,139452
9.142857,139452
10.422857,139452
11.142857,139452
15.085714,113699
15.085714,113699
15.085714,113699
15.085714,113699
18.285714,115990
18.285714,115990
18.285714,115990
19.885714,116790
20.845714,116754
21.485714,116754
22.285714,116754
23.085714,116754
24.142857,117028
30.171429,83413
30.171429,83413
30.171429,83413
30.171429,83413
30.171429,83413
30.171429,83413
36.571429,82599
36.571429,82599
36.571429,82599
36.571429,82599
36.571429,82599
36.571429,82599
39.771429,82484
39.771429,82484
39.771429,82484
41.691429,82638
41.691429,82638
42.971429,82651
43.885714,82710
44.571429,82705
45.104762,82614
46.171429,82614
47.112605,82614
48.285714,82861
49.106767,82861
50.019048,82861
51.038655,82861
52,82141
60.342857,61116
60.342857,61116
60.342857,61116
60.342857,61116
60.342857,61116
60.342857,61116
60.342857,61116
60.342857,61116
73.142857,60585
73.142857,60585
73.142857,60585
73.142857,60585
73.142857,60585
73.142857,60585
73.142857,60585
73.142857,60585
73.142857,60585
73.142857,60585
73.142857,60585
73.142857,60585
73.142857,60585
79.542857,60313
79.542857,60313
79.542857,60313
79.542857,60313
79.542857,60313
79.542857,60313
83.382857,59865
83.382857,59865
83.382857,59865
83.382857,59865
85.942857,59853
85.942857,59853
87.771429,59830
87.771429,59830
89.142857,59771
89.142857,59771
90.209524,59725
91.062857,59777
92.342857,59807
93.257143,59807
94.22521,59807
95.085714,59807
96.571429,59891
97.183193,59891
98.213534,59891
99.047619,59891
100.038095,59891
101.028571,59891
102.077311,59891
103.009524,59891
104,59891
105.006545,59442
106.006925,59442
107.019907,59442
120.685714,46450
120.685714,46450
120.685714,46450
120.685714,46450
120.685714,46450
120.685714,46450
120.685714,46450
120.685714,46450
120.685714,46450
120.685714,46450
120.685714,46450
120.685714,46450
120.685714,46450
146.285714,45987
146.285714,45987
146.285714,45987
146.285714,45987
146.285714,45987
146.285714,45987
146.285714,45987
146.285714,45987
146.285714,45987
146.285714,45987
146.285714,45987
146.285714,45987
146.285714,45987
146.285714,45987
146.285714,45987
146.285714,45987
146.285714,45987
146.285714,45987
146.285714,45987
146.285714,45987
146.285714,45987
146.285714,45987
146.285714,45987
146.285714,45987
146.285714,45987
146.285714,45987
159.085714,45936
159.085714,45936
159.085714,45936
159.085714,45936
159.085714,45936
159.085714,45936
159.085714,45936
159.085714,45936
159.085714,45936
159.085714,45936
159.085714,45936
159.085714,45936
159.085714,45936
166.765714,46028
166.765714,46028
166.765714,46028
166.765714,46028
166.765714,46028
166.765714,46028
166.765714,46028
171.885714,46010
171.885714,46010
171.885714,46010
171.885714,46010
171.885714,46010
175.542857,45930
175.542857,45930
175.542857,45930
175.542857,45930
178.285714,45986
178.285714,45986
178.285714,45986
180.419048,45896
180.419048,45896
182.125714,45950
182.125714,45950
183.522078,45851
184.685714,45890
185.67033,45890
186.514286,45890
187.245714,45890
188.45042,45890
189.401504,45890
190.171429,45890
191.75619,45788
193.142857,45816
193.142857,45816
194.366387,45722
195.453968,45722
196.427068,45722
197.302857,45722
198.095238,45722
199.473292,45722
200.07619,45722
201.142857,45722
202.057143,45722
203.207373,45722
204.154622,45722
205.184962,45722
206.019048,45722
207.009524,45722
208,45722
209.136941,45612
210.013091,45612
211.111869,45612
212.013851,45612
213.099789,45612
214.039814,45612
215.04,45612
216,45593
217.01322,45593
218.043646,46050
219.027679,46050
241.371429,32555
241.371429,32555
241.371429,32555
241.371429,32555
241.371429,32555
241.371429,32555
241.371429,32555
241.371429,32555
241.371429,32555
241.371429,32555
241.371429,32555
241.371429,32555
241.371429,32555
241.371429,32555
241.371429,32555
241.371429,32555
241.371429,32555
241.371429,32555
241.371429,32555
241.371429,32555
241.371429,32555
241.371429,32555
292.571429,35097
292.571429,35097
292.571429,35097
292.571429,35097
292.571429,35097
292.571429,35097
292.571429,35097
292.571429,35097
292.571429,35097
292.571429,35097
292.571429,35097
292.571429,35097
292.571429,35097
292.571429,35097
292.571429,35097
292.571429,35097
292.571429,35097
292.571429,35097
292.571429,35097
292.571429,35097
292.571429,35097
292.571429,35097
292.571429,35097
292.571429,35097
292.571429,35097
292.571429,35097
292.571429,35097
292.571429,35097
292.571429,35097
292.571429,35097
292.571429,35097
292.571429,35097
292.571429,35097
292.571429,35097
292.571429,35097
292.571429,35097
292.571429,35097
292.571429,35097
292.571429,35097
292.571429,35097
292.571429,35097
292.571429,35097
292.571429,35097
292.571429,35097
292.571429,35097
292.571429,35097
292.571429,35097
292.571429,35097
292.571429,35097
292.571429,35097
292.571429,35097
318.171429,35842
318.171429,35842
318.171429,35842
318.171429,35842
318.171429,35842
318.171429,35842
318.171429,35842
318.171429,35842
318.171429,35842
318.171429,35842
318.171429,35842
318.171429,35842
318.171429,35842
318.171429,35842
318.171429,35842
318.171429,35842
318.171429,35842
318.171429,35842
318.171429,35842
318.171429,35842
318.171429,35842
318.171429,35842
318.171429,35842
318.171429,35842
318.171429,35842
318.171429,35842
333.531429,35848
333.531429,35848
333.531429,35848
333.531429,35848
333.531429,35848
333.531429,35848
333.531429,35848
333.531429,35848
333.531429,35848
333.531429,35848
333.531429,35848
333.531429,35848
333.531429,35848
333.531429,35848
333.531429,35848
343.771429,35855
343.771429,35855
343.771429,35855
343.771429,35855
343.771429,35855
343.771429,35855
343.771429,35855
343.771429,35855
343.771429,35855
343.771429,35855
351.085714,36040
351.085714,36040
351.085714,36040
351.085714,36040
351.085714,36040
351.085714,36040
351.085714,36040
351.085714,36040
356.571429,36108
356.571429,36108
356.571429,36108
356.571429,36108
356.571429,36108
360.838095,36027
360.838095,36027
360.838095,36027
360.838095,36027
364.251429,36261
364.251429,36261
364.251429,36261
364.251429,36261
367.044156,36038
367.044156,36038
367.044156,36038
369.371429,36088
369.371429,36088
371.340659,35955
371.340659,35955
373.028571,36007
373.028571,36007
374.491429,36141
375.771429,36096
376.90084,36061
377.904762,36061
378.803008,36061
379.611429,36061
380.342857,36061
381.007792,36061
383.512381,36349
383.512381,36349
386.285714,36388
386.285714,36388
386.285714,36388
388.732773,36299
388.732773,36299
390.907937,36260
390.907937,36260
392.854135,36363
392.854135,36363
394.605714,36379
394.605714,36379
396.190476,36198
396.190476,36198
397.631169,36160
398.946584,36254
400.152381,36184
400.152381,36184
401.261714,36184
402.285714,36184
403.233862,36184
404.114286,36184
405.699048,36184
406.414747,36184
407.085714,36184
408.309244,36184
409.396825,36184
410.369925,36184
411.245714,36184
412.038095,36184
413.094603,36184
414.019048,36184
415.085714,36184
416,36184
417.290449,36380
418.273882,36380
419.183094,36380
420.026182,36380
421.181793,36380
422.223738,36380
423.168,36380
424.027701,36380
425.060958,36380
426.199579,36380
427.008,36380
428.079628,36380
429.011478,36380
430.08,36380
431.050549,36339
432,36339
433.01171,36339
434.026439,36339
435.002317,36339
436.087291,36627
437.073171,36627
438.055358,36627
439.004275,36627
482.742857,15759
482.742857,15759
482.742857,15759
482.742857,15759
482.742857,15759
482.742857,15759
482.742857,15759
482.742857,15759
482.742857,15759
482.742857,15759
482.742857,15759
482.742857,15759
482.742857,15759
482.742857,15759
482.742857,15759
482.742857,15759
482.742857,15759
482.742857,15759
482.742857,15759
482.742857,15759
482.742857,15759
482.742857,15759
482.742857,15759
482.742857,15759
482.742857,15759
482.742857,15759
482.742857,15759
482.742857,15759
482.742857,15759
482.742857,15759
482.742857,15759
482.742857,15759
482.742857,15759
482.742857,15759
482.742857,15759
482.742857,15759
482.742857,15759
482.742857,15759
482.742857,15759
482.742857,15759
482.742857,15759
482.742857,15759
482.742857,15759
585.142857,16442
585.142857,16442
585.142857,16442
585.142857,16442
585.142857,16442
585.142857,16442
585.142857,16442
585.142857,16442
585.142857,16442
585.142857,16442
585.142857,16442
585.142857,16442
585.142857,16442
585.142857,16442
585.142857,16442
585.142857,16442
585.142857,16442
585.142857,16442
585.142857,16442
585.142857,16442
585.142857,16442
585.142857,16442
585.142857,16442
585.142857,16442
585.142857,16442
585.142857,16442
585.142857,16442
585.142857,16442
585.142857,16442
585.142857,16442
585.142857,16442
585.142857,16442
585.142857,16442
585.142857,16442
585.142857,16442
585.142857,16442
585.142857,16442
585.142857,16442
585.142857,16442
585.142857,16442
585.142857,16442
585.142857,16442
585.142857,16442
585.142857,16442
585.142857,16442
585.142857,16442
585.142857,16442
585.142857,16442
585.142857,16442
585.142857,16442
585.142857,16442
585.142857,16442
585.142857,16442
585.142857,16442
585.142857,16442
585.142857,16442
585.142857,16442
585.142857,16442
585.142857,16442
585.142857,16442
585.142857,16442
585.142857,16442
585.142857,16442
585.142857,16442
585.142857,16442
585.142857,16442
585.142857,16442
585.142857,16442
585.142857,16442
585.142857,16442
585.142857,16442
585.142857,16442
585.142857,16442
585.142857,16442
585.142857,16442
585.142857,16442
585.142857,16442
585.142857,16442
585.142857,16442
585.142857,16442
585.142857,16442
585.142857,16442
585.142857,16442
585.142857,16442
585.142857,16442
585.142857,16442
585.142857,16442
585.142857,16442
585.142857,16442
585.142857,16442
585.142857,16442
585.142857,16442
585.142857,16442
585.142857,16442
585.142857,16442
585.142857,16442
585.142857,16442
585.142857,16442
585.142857,16442
585.142857,16442
585.142857,16442
585.142857,16442
585.142857,16442
636.342857,16993
636.342857,16993
636.342857,16993
636.342857,16993
636.342857,16993
636.342857,16993
636.342857,16993
636.342857,16993
636.342857,16993
636.342857,16993
636.342857,16993
636.342857,16993
636.342857,16993
636.342857,16993
636.342857,16993
636.342857,16993
636.342857,16993
636.342857,16993
636.342857,16993
636.342857,16993
636.342857,16993
636.342857,16993
636.342857,16993
636.342857,16993
636.342857,16993
636.342857,16993
636.342857,16993
636.342857,16993
636.342857,16993
636.342857,16993
636.342857,16993
636.342857,16993
636.342857,16993
636.342857,16993
636.342857,16993
636.342857,16993
636.342857,16993
636.342857,16993
636.342857,16993
636.342857,16993
636.342857,16993
636.342857,16993
636.342857,16993
636.342857,16993
636.342857,16993
636.342857,16993
636.342857,16993
636.342857,16993
636.342857,16993
636.342857,16993
636.342857,16993
667.062857,17362
667.062857,17362
667.062857,17362
667.062857,17362
667.062857,17362
667.062857,17362
667.062857,17362
667.062857,17362
667.062857,17362
667.062857,17362
667.062857,17362
667.062857,17362
667.062857,17362
667.062857,17362
667.062857,17362
667.062857,17362
667.062857,17362
667.062857,17362
667.062857,17362
667.062857,17362
667.062857,17362
667.062857,17362
667.062857,17362
667.062857,17362
667.062857,17362
667.062857,17362
667.062857,17362
667.062857,17362
667.062857,17362
667.062857,17362
667.062857,17362
687.542857,17423
687.542857,17423
687.542857,17423
687.542857,17423
687.542857,17423
687.542857,17423
687.542857,17423
687.542857,17423
687.542857,17423
687.542857,17423
687.542857,17423
687.542857,17423
687.542857,17423
687.542857,17423
687.542857,17423
687.542857,17423
687.542857,17423
687.542857,17423
687.542857,17423
687.542857,17423
702.171429,17250
702.171429,17250
702.171429,17250
702.171429,17250
702.171429,17250
702.171429,17250
702.171429,17250
702.171429,17250
702.171429,17250
702.171429,17250
702.171429,17250
702.171429,17250
702.171429,17250
702.171429,17250
702.171429,17250
713.142857,17259
713.142857,17259
713.142857,17259
713.142857,17259
713.142857,17259
713.142857,17259
713.142857,17259
713.142857,17259
713.142857,17259
713.142857,17259
713.142857,17259
721.67619,17452
721.67619,17452
721.67619,17452
721.67619,17452
721.67619,17452
721.67619,17452
721.67619,17452
721.67619,17452
728.502857,17457
728.502857,17457
728.502857,17457
728.502857,17457
728.502857,17457
728.502857,17457
728.502857,17457
734.088312,17419
734.088312,17419
734.088312,17419
734.088312,17419
734.088312,17419
734.088312,17419
738.742857,17409
738.742857,17409
738.742857,17409
738.742857,17409
742.681319,17287
742.681319,17287
742.681319,17287
742.681319,17287
746.057143,17243
746.057143,17243
746.057143,17243
746.057143,17243
748.982857,17507
748.982857,17507
751.542857,17261
751.542857,17261
751.542857,17261
753.801681,17484
753.801681,17484
755.809524,17286
755.809524,17286
757.606015,17286
757.606015,17286
759.222857,17286
759.222857,17286
760.685714,17286
762.015584,17286
762.015584,17286
767.024762,17565
767.024762,17565
767.024762,17565
767.024762,17565
767.024762,17565
772.571429,17527
772.571429,17527
772.571429,17527
772.571429,17527
772.571429,17527
777.465546,17470
777.465546,17470
777.465546,17470
777.465546,17470
777.465546,17470
781.815873,17288
781.815873,17288
781.815873,17288
781.815873,17288
785.708271,17447
785.708271,17447
785.708271,17447
785.708271,17447
789.211429,17485
789.211429,17485
789.211429,17485
789.211429,17485
792.380952,17577
792.380952,17577
792.380952,17577
795.262338,17527
795.262338,17527
795.262338,17527
797.893168,17572
797.893168,17572
800.304762,17555
800.304762,17555
800.304762,17555
802.523429,17638
802.523429,17638
804.571429,17339
804.571429,17339
806.467725,17638
806.467725,17638
808.228571,17567
808.228571,17567
809.86798,17538
811.398095,17538
811.398095,17538
812.829493,17538
814.171429,17538
814.171429,17538
815.432035,17538
816.618487,17538
817.737143,17538
818.793651,17538
819.79305,17538
820.73985,17538
821.638095,17538
822.491429,17538
823.303136,17538
824.07619,17538
825.516883,17538
826.189206,17538
827.448024,17538
828.038095,17538
829.147429,17538
830.171429,17538
831.119577,17538
832,17538
833.208717,17538
834.580898,17576
835.584,17576
836.547765,17576
837.474462,17576
838.366189,17576
839.224889,17576
840.052364,17576
841.620211,17576
842.363586,17576
843.081763,17576
844.447475,17576
845.09729,17576
846.336,17576
847.499636,17576
848.055403,17576
849.118609,17576
850.121915,17576
851.070247,17576
852.399158,17576
853.228308,17576
854.016,17576
855.126361,17576
856.159256,17576
857.122517,17576
858.022957,17576
859.136,17576
860.16,17576
861.037714,17558
862.101099,17558
863.085714,17558
864,17558
865.054945,17558
866.023419,17558
867.085714,17558
868.052878,17558
869.077204,17558
870.004633,17558
871.075523,17558
872.174583,17502
873.032779,17502
874.146341,17502
875.027834,17502
876.110715,17502
877.100446,17502
878.008549,17502
879.04352,17502
965.485714,8556
965.485714,8556
965.485714,8556
965.485714,8556
965.485714,8556
965.485714,8556
965.485714,8556
965.485714,8556
965.485714,8556
965.485714,8556
965.485714,8556
965.485714,8556
965.485714,8556
965.485714,8556
965.485714,8556
965.485714,8556
965.485714,8556
965.485714,8556
965.485714,8556
965.485714,8556
965.485714,8556
965.485714,8556
965.485714,8556
965.485714,8556
965.485714,8556
965.485714,8556
965.485714,8556
965.485714,8556
965.485714,8556
965.485714,8556
965.485714,8556
965.485714,8556
965.485714,8556
965.485714,8556
965.485714,8556
965.485714,8556
965.485714,8556
965.485714,8556
965.485714,8556
965.485714,8556
965.485714,8556
965.485714,8556
965.485714,8556
965.485714,8556
965.485714,8556
965.485714,8556
965.485714,8556
965.485714,8556
965.485714,8556
965.485714,8556
965.485714,8556
965.485714,8556
965.485714,8556
965.485714,8556
965.485714,8556
965.485714,8556
965.485714,8556
965.485714,8556
965.485714,8556
965.485714,8556
965.485714,8556
965.485714,8556
965.485714,8556
965.485714,8556
965.485714,8556
965.485714,8556
965.485714,8556
965.485714,8556
965.485714,8556
965.485714,8556
965.485714,8556
965.485714,8556
965.485714,8556
965.485714,8556
965.485714,8556
965.485714,8556
965.485714,8556
965.485714,8556
965.485714,8556
965.485714,8556
965.485714,8556
965.485714,8556
965.485714,8556
965.485714,8556
965.485714,8556
965.485714,8556
1170.285714,8927
1170.285714,8927
1170.285714,8927
1170.285714,8927
1170.285714,8927
1170.285714,8927
1170.285714,8927
1170.285714,8927
1170.285714,8927
1170.285714,8927
1170.285714,8927
1170.285714,8927
1170.285714,8927
1170.285714,8927
1170.285714,8927
1170.285714,8927
1170.285714,8927
1170.285714,8927
1170.285714,8927
1170.285714,8927
1170.285714,8927
1170.285714,8927
1170.285714,8927
1170.285714,8927
1170.285714,8927
1170.285714,8927
1170.285714,8927
1170.285714,8927
1170.285714,8927
1170.285714,8927
1170.285714,8927
1170.285714,8927
1170.285714,8927
1170.285714,8927
1170.285714,8927
1170.285714,8927
1170.285714,8927
1170.285714,8927
1170.285714,8927
1170.285714,8927
1170.285714,8927
1170.285714,8927
1170.285714,8927
1170.285714,8927
1170.285714,8927
1170.285714,8927
1170.285714,8927
1170.285714,8927
1170.285714,8927
1170.285714,8927
1170.285714,8927
1170.285714,8927
1170.285714,8927
1170.285714,8927
1170.285714,8927
1170.285714,8927
1170.285714,8927
1170.285714,8927
1170.285714,8927
1170.285714,8927
1170.285714,8927
1170.285714,8927
1170.285714,8927
1170.285714,8927
1170.285714,8927
1170.285714,8927
1170.285714,8927
1170.285714,8927
1170.285714,8927
1170.285714,8927
1170.285714,8927
1170.285714,8927
1170.285714,8927
1170.285714,8927
1170.285714,8927
1170.285714,8927
1170.285714,8927
1170.285714,8927
1170.285714,8927
1170.285714,8927
1170.285714,8927
1170.285714,8927
1170.285714,8927
1170.285714,8927
1170.285714,8927
1170.285714,8927
1170.285714,8927
1170.285714,8927
1170.285714,8927
1170.285714,8927
1170.285714,8927
1170.285714,8927
1170.285714,8927
1170.285714,8927
1170.285714,8927
1170.285714,8927
1170.285714,8927
1170.285714,8927
1170.285714,8927
1170.285714,8927
1170.285714,8927
1170.285714,8927
1170.285714,8927
1170.285714,8927
1170.285714,8927
1170.285714,8927
1170.285714,8927
1170.285714,8927
1170.285714,8927
1170.285714,8927
1170.285714,8927
1170.285714,8927
1170.285714,8927
1170.285714,8927
1170.285714,8927
1170.285714,8927
1170.285714,8927
1170.285714,8927
1170.285714,8927
1170.285714,8927
1170.285714,8927
1170.285714,8927
1170.285714,8927
1170.285714,8927
1170.285714,8927
1170.285714,8927
1170.285714,8927
1170.285714,8927
1170.285714,8927
1170.285714,8927
1170.285714,8927
1170.285714,8927
1170.285714,8927
1170.285714,8927
1170.285714,8927
1170.285714,8927
1170.285714,8927
1170.285714,8927
1170.285714,8927
1170.285714,8927
1170.285714,8927
1170.285714,8927
1170.285714,8927
1170.285714,8927
1170.285714,8927
1170.285714,8927
1170.285714,8927
1170.285714,8927
1170.285714,8927
1170.285714,8927
1170.285714,8927
1170.285714,8927
1170.285714,8927
1170.285714,8927
1170.285714,8927
1170.285714,8927
1170.285714,8927
1170.285714,8927
1170.285714,8927
1170.285714,8927
1170.285714,8927
1170.285714,8927
1170.285714,8927
1170.285714,8927
1170.285714,8927
1170.285714,8927
1170.285714,8927
1170.285714,8927
1170.285714,8927
1170.285714,8927
1170.285714,8927
1170.285714,8927
1170.285714,8927
1170.285714,8927
1170.285714,8927
1170.285714,8927
1170.285714,8927
1170.285714,8927
1170.285714,8927
1170.285714,8927
1170.285714,8927
1170.285714,8927
1170.285714,8927
1170.285714,8927
1170.285714,8927
1170.285714,8927
1170.285714,8927
1170.285714,8927
1170.285714,8927
1170.285714,8927
1170.285714,8927
1170.285714,8927
1170.285714,8927
1170.285714,8927
1170.285714,8927
1170.285714,8927
1170.285714,8927
1170.285714,8927
1170.285714,8927
1170.285714,8927
1170.285714,8927
1170.285714,8927
1170.285714,8927
1170.285714,8927
1170.285714,8927
1272.685714,8997
1272.685714,8997
1272.685714,8997
1272.685714,8997
1272.685714,8997
1272.685714,8997
1272.685714,8997
1272.685714,8997
1272.685714,8997
1272.685714,8997
1272.685714,8997
1272.685714,8997
1272.685714,8997
1272.685714,8997
1272.685714,8997
1272.685714,8997
1272.685714,8997
1272.685714,8997
1272.685714,8997
1272.685714,8997
1272.685714,8997
1272.685714,8997
1272.685714,8997
1272.685714,8997
1272.685714,8997
1272.685714,8997
1272.685714,8997
1272.685714,8997
1272.685714,8997
1272.685714,8997
1272.685714,8997
1272.685714,8997
1272.685714,8997
1272.685714,8997
1272.685714,8997
1272.685714,8997
1272.685714,8997
1272.685714,8997
1272.685714,8997
1272.685714,8997
1272.685714,8997
1272.685714,8997
1272.685714,8997
1272.685714,8997
1272.685714,8997
1272.685714,8997
1272.685714,8997
1272.685714,8997
1272.685714,8997
1272.685714,8997
1272.685714,8997
1272.685714,8997
1272.685714,8997
1272.685714,8997
1272.685714,8997
1272.685714,8997
1272.685714,8997
1272.685714,8997
1272.685714,8997
1272.685714,8997
1272.685714,8997
1272.685714,8997
1272.685714,8997
1272.685714,8997
1272.685714,8997
1272.685714,8997
1272.685714,8997
1272.685714,8997
1272.685714,8997
1272.685714,8997
1272.685714,8997
1272.685714,8997
1272.685714,8997
1272.685714,8997
1272.685714,8997
1272.685714,8997
1272.685714,8997
1272.685714,8997
1272.685714,8997
1272.685714,8997
1272.685714,8997
1272.685714,8997
1272.685714,8997
1272.685714,8997
1272.685714,8997
1272.685714,8997
1272.685714,8997
1272.685714,8997
1272.685714,8997
1272.685714,8997
1272.685714,8997
1272.685714,8997
1272.685714,8997
1272.685714,8997
1272.685714,8997
1272.685714,8997
1272.685714,8997
1272.685714,8997
1272.685714,8997
1272.685714,8997
1272.685714,8997
1272.685714,8997
1334.125714,9017
1334.125714,9017
1334.125714,9017
1334.125714,9017
1334.125714,9017
1334.125714,9017
1334.125714,9017
1334.125714,9017
1334.125714,9017
1334.125714,9017
1334.125714,9017
1334.125714,9017
1334.125714,9017
1334.125714,9017
1334.125714,9017
1334.125714,9017
1334.125714,9017
1334.125714,9017
1334.125714,9017
1334.125714,9017
1334.125714,9017
1334.125714,9017
1334.125714,9017
1334.125714,9017
1334.125714,9017
1334.125714,9017
1334.125714,9017
1334.125714,9017
1334.125714,9017
1334.125714,9017
1334.125714,9017
1334.125714,9017
1334.125714,9017
1334.125714,9017
1334.125714,9017
1334.125714,9017
1334.125714,9017
1334.125714,9017
1334.125714,9017
1334.125714,9017
1334.125714,9017
1334.125714,9017
1334.125714,9017
1334.125714,9017
1334.125714,9017
1334.125714,9017
1334.125714,9017
1334.125714,9017
1334.125714,9017
1334.125714,9017
1334.125714,9017
1334.125714,9017
1334.125714,9017
1334.125714,9017
1334.125714,9017
1334.125714,9017
1334.125714,9017
1334.125714,9017
1334.125714,9017
1334.125714,9017
1334.125714,9017
1334.125714,9017
1375.085714,9018
1375.085714,9018
1375.085714,9018
1375.085714,9018
1375.085714,9018
1375.085714,9018
1375.085714,9018
1375.085714,9018
1375.085714,9018
1375.085714,9018
1375.085714,9018
1375.085714,9018
1375.085714,9018
1375.085714,9018
1375.085714,9018
1375.085714,9018
1375.085714,9018
1375.085714,9018
1375.085714,9018
1375.085714,9018
1375.085714,9018
1375.085714,9018
1375.085714,9018
1375.085714,9018
1375.085714,9018
1375.085714,9018
1375.085714,9018
1375.085714,9018
1375.085714,9018
1375.085714,9018
1375.085714,9018
1375.085714,9018
1375.085714,9018
1375.085714,9018
1375.085714,9018
1375.085714,9018
1375.085714,9018
1375.085714,9018
1375.085714,9018
1375.085714,9018
1375.085714,9018
1404.342857,9058
1404.342857,9058
1404.342857,9058
1404.342857,9058
1404.342857,9058
1404.342857,9058
1404.342857,9058
1404.342857,9058
1404.342857,9058
1404.342857,9058
1404.342857,9058
1404.342857,9058
1404.342857,9058
1404.342857,9058
1404.342857,9058
1404.342857,9058
1404.342857,9058
1404.342857,9058
1404.342857,9058
1404.342857,9058
1404.342857,9058
1404.342857,9058
1404.342857,9058
1404.342857,9058
1404.342857,9058
1404.342857,9058
1404.342857,9058
1404.342857,9058
1404.342857,9058
1426.285714,9072
1426.285714,9072
1426.285714,9072
1426.285714,9072
1426.285714,9072
1426.285714,9072
1426.285714,9072
1426.285714,9072
1426.285714,9072
1426.285714,9072
1426.285714,9072
1426.285714,9072
1426.285714,9072
1426.285714,9072
1426.285714,9072
1426.285714,9072
1426.285714,9072
1426.285714,9072
1426.285714,9072
1426.285714,9072
1426.285714,9072
1426.285714,9072
1443.352381,9006
1443.352381,9006
1443.352381,9006
1443.352381,9006
1443.352381,9006
1443.352381,9006
1443.352381,9006
1443.352381,9006
1443.352381,9006
1443.352381,9006
1443.352381,9006
1443.352381,9006
1443.352381,9006
1443.352381,9006
1443.352381,9006
1443.352381,9006
1443.352381,9006
1457.005714,8970
1457.005714,8970
1457.005714,8970
1457.005714,8970
1457.005714,8970
1457.005714,8970
1457.005714,8970
1457.005714,8970
1457.005714,8970
1457.005714,8970
1457.005714,8970
1457.005714,8970
1457.005714,8970
1457.005714,8970
1468.176623,9093
1468.176623,9093
1468.176623,9093
1468.176623,9093
1468.176623,9093
1468.176623,9093
1468.176623,9093
1468.176623,9093
1468.176623,9093
1468.176623,9093
1468.176623,9093
1477.485714,9035
1477.485714,9035
1477.485714,9035
1477.485714,9035
1477.485714,9035
1477.485714,9035
1477.485714,9035
1477.485714,9035
1477.485714,9035
1485.362637,9050
1485.362637,9050
1485.362637,9050
1485.362637,9050
1485.362637,9050
1485.362637,9050
1485.362637,9050
1485.362637,9050
1492.114286,9067
1492.114286,9067
1492.114286,9067
1492.114286,9067
1492.114286,9067
1492.114286,9067
1492.114286,9067
1497.965714,9056
1497.965714,9056
1497.965714,9056
1497.965714,9056
1497.965714,9056
1503.085714,9016
1503.085714,9016
1503.085714,9016
1503.085714,9016
1503.085714,9016
1503.085714,9016
1507.603361,9015
1507.603361,9015
1507.603361,9015
1507.603361,9015
1511.619048,9006
1511.619048,9006
1511.619048,9006
1511.619048,9006
1515.21203,9014
1515.21203,9014
1515.21203,9014
1515.21203,9014
1518.445714,9014
1518.445714,9014
1518.445714,9014
1521.371429,9014
1521.371429,9014
1521.371429,9014
1524.031169,9014
1524.031169,9014
1524.031169,9014
1534.049524,9217
1534.049524,9217
1534.049524,9217
1534.049524,9217
1534.049524,9217
1534.049524,9217
1534.049524,9217
1534.049524,9217
1534.049524,9217
1534.049524,9217
1545.142857,9157
1545.142857,9157
1545.142857,9157
1545.142857,9157
1545.142857,9157
1545.142857,9157
1545.142857,9157
1545.142857,9157
1545.142857,9157
1545.142857,9157
1545.142857,9157
1554.931092,9222
1554.931092,9222
1554.931092,9222
1554.931092,9222
1554.931092,9222
1554.931092,9222
1554.931092,9222
1554.931092,9222
1554.931092,9222
1563.631746,9174
1563.631746,9174
1563.631746,9174
1563.631746,9174
1563.631746,9174
1563.631746,9174
1563.631746,9174
1563.631746,9174
1563.631746,9174
1571.416541,9215
1571.416541,9215
1571.416541,9215
1571.416541,9215
1571.416541,9215
1571.416541,9215
1571.416541,9215
1571.416541,9215
1578.422857,9214
1578.422857,9214
1578.422857,9214
1578.422857,9214
1578.422857,9214
1578.422857,9214
1578.422857,9214
1584.761905,9167
1584.761905,9167
1584.761905,9167
1584.761905,9167
1584.761905,9167
1584.761905,9167
1590.524675,9129
1590.524675,9129
1590.524675,9129
1590.524675,9129
1590.524675,9129
1590.524675,9129
1595.786335,9076
1595.786335,9076
1595.786335,9076
1595.786335,9076
1595.786335,9076
1600.609524,9136
1600.609524,9136
1600.609524,9136
1600.609524,9136
1600.609524,9136
1605.046857,9089
1605.046857,9089
1605.046857,9089
1605.046857,9089
1605.046857,9089
1609.142857,9114
1609.142857,9114
1609.142857,9114
1609.142857,9114
1612.93545,9124
1612.93545,9124
1612.93545,9124
1616.457143,9149
1616.457143,9149
1616.457143,9149
1616.457143,9149
1619.735961,9125
1619.735961,9125
1619.735961,9125
1622.79619,9127
1622.79619,9127
1622.79619,9127
1625.658986,9127
1625.658986,9127
1625.658986,9127
1628.342857,9141
1628.342857,9141
1628.342857,9141
1630.864069,9141
1630.864069,9141
1633.236975,9141
1633.236975,9141
1633.236975,9141
1635.474286,9141
1635.474286,9141
1637.587302,9141
1637.587302,9141
1639.5861,9141
1639.5861,9141
1641.479699,9141
1641.479699,9141
1643.27619,9141
1643.27619,9141
1644.982857,9141
1646.606272,9141
1646.606272,9141
1648.152381,9141
1648.152381,9141
1649.626578,9141
1651.033766,9141
1651.033766,9141
1652.378413,9141
1653.664596,9141
1654.896049,9141
1656.07619,9141
1656.07619,9141
1657.208163,9141
1658.294857,9141
1659.338936,9141
1660.342857,9141
1661.308895,9141
1662.239153,9141
1663.135584,9141
1664,9141
1665.639409,9141
1666.417433,9141
1667.072,9265
1669.161796,9247
1669.161796,9247
1671.168,9254
1671.168,9254
1673.095529,9279
1673.095529,9279
1674.948923,9279
1676.732377,9279
1676.732377,9279
1678.449778,9279
1678.449778,9279
1680.104727,9279
1680.104727,9279
1681.700571,9279
1683.240421,9279
1683.240421,9279
1684.727172,9279
1686.163525,9279
1686.163525,9279
1687.552,9279
1688.894951,9279
1690.194581,9279
1690.194581,9279
1691.452952,9279
1692.672,9279
1693.853538,9279
1694.999273,9279
1696.110806,9279
1696.110806,9279
1697.189647,9279
1698.237217,9279
1699.254857,9279
1700.243831,9279
1701.205333,9279
1702.140493,9279
1703.050378,9279
1704.798316,9279
1705.638234,9279
1706.456615,9279
1707.254278,9279
1708.032,9279
1709.530537,9279
1710.252723,9279
1711.646118,9279
1712.318512,9279
1713.617455,9279
1714.245034,9279
1715.458813,9279
1716.045913,9279
1717.182638,9279
1718.272,9279
1719.316898,9279
1720.32,9279
1721.283765,9279
1722.075429,9199
1723.159664,9199
1724.202198,9199
1725.205391,9199
1726.171429,9199
1727.102338,9199
1728,9199
1729.28795,9199
1730.10989,9199
1731.291429,9199
1732.046838,9199
1733.134629,9199
1734.171429,9199
1735.160742,9199
1736.105757,9199
1737.009385,9199
1738.154407,9199
1739.236256,9199
1740.009266,9199
1741.230252,9199
1742.151046,9199
1743.026087,9199
1744.349166,9188
1745.049097,9188
1746.065558,9188
1747.043902,9188
1748.292683,9188
1749.19001,9188
1750.055667,9188
1751.163443,9188
1752.221431,9188
1753.232913,9188
1754.200892,9188
1755.128113,9188
1756.017098,9188
1757.078073,9188
1758.08704,9188
1759.04773,9188
1930.971429,4583
1930.971429,4583
1930.971429,4583
1930.971429,4583
1930.971429,4583
1930.971429,4583
1930.971429,4583
1930.971429,4583
1930.971429,4583
1930.971429,4583
1930.971429,4583
1930.971429,4583
1930.971429,4583
1930.971429,4583
1930.971429,4583
1930.971429,4583
1930.971429,4583
1930.971429,4583
1930.971429,4583
1930.971429,4583
1930.971429,4583
1930.971429,4583
1930.971429,4583
1930.971429,4583
1930.971429,4583
1930.971429,4583
1930.971429,4583
1930.971429,4583
1930.971429,4583
1930.971429,4583
1930.971429,4583
1930.971429,4583
1930.971429,4583
1930.971429,4583
1930.971429,4583
1930.971429,4583
1930.971429,4583
1930.971429,4583
1930.971429,4583
1930.971429,4583
1930.971429,4583
1930.971429,4583
1930.971429,4583
1930.971429,4583
1930.971429,4583
1930.971429,4583
1930.971429,4583
1930.971429,4583
1930.971429,4583
1930.971429,4583
1930.971429,4583
1930.971429,4583
1930.971429,4583
1930.971429,4583
1930.971429,4583
1930.971429,4583
1930.971429,4583
1930.971429,4583
1930.971429,4583
1930.971429,4583
1930.971429,4583
1930.971429,4583
1930.971429,4583
1930.971429,4583
1930.971429,4583
1930.971429,4583
1930.971429,4583
1930.971429,4583
1930.971429,4583
1930.971429,4583
1930.971429,4583
1930.971429,4583
1930.971429,4583
1930.971429,4583
1930.971429,4583
1930.971429,4583
1930.971429,4583
1930.971429,4583
1930.971429,4583
1930.971429,4583
1930.971429,4583
1930.971429,4583
1930.971429,4583
1930.971429,4583
1930.971429,4583
1930.971429,4583
1930.971429,4583
1930.971429,4583
1930.971429,4583
1930.971429,4583
1930.971429,4583
1930.971429,4583
1930.971429,4583
1930.971429,4583
1930.971429,4583
1930.971429,4583
1930.971429,4583
1930.971429,4583
1930.971429,4583
1930.971429,4583
1930.971429,4583
1930.971429,4583
1930.971429,4583
1930.971429,4583
1930.971429,4583
1930.971429,4583
1930.971429,4583
1930.971429,4583
1930.971429,4583
1930.971429,4583
1930.971429,4583
1930.971429,4583
1930.971429,4583
1930.971429,4583
1930.971429,4583
1930.971429,4583
1930.971429,4583
1930.971429,4583
1930.971429,4583
1930.971429,4583
1930.971429,4583
1930.971429,4583
1930.971429,4583
1930.971429,4583
1930.971429,4583
1930.971429,4583
1930.971429,4583
1930.971429,4583
1930.971429,4583
1930.971429,4583
1930.971429,4583
1930.971429,4583
1930.971429,4583
1930.971429,4583
1930.971429,4583
1930.971429,4583
1930.971429,4583
1930.971429,4583
1930.971429,4583
1930.971429,4583
1930.971429,4583
1930.971429,4583
1930.971429,4583
1930.971429,4583
1930.971429,4583
1930.971429,4583
1930.971429,4583
1930.971429,4583
1930.971429,4583
1930.971429,4583
1930.971429,4583
1930.971429,4583
1930.971429,4583
1930.971429,4583
1930.971429,4583
1930.971429,4583
1930.971429,4583
1930.971429,4583
1930.971429,4583
1930.971429,4583
1930.971429,4583
1930.971429,4583
1930.971429,4583
1930.971429,4583
1930.971429,4583
1930.971429,4583
1930.971429,4583
1930.971429,4583
1930.971429,4583
1930.971429,4583
1930.971429,4583
2340.571429,4583
2340.571429,4583
2340.571429,4583
2340.571429,4583
2340.571429,4583
2340.571429,4583
2340.571429,4583
2340.571429,4583
2340.571429,4583
2340.571429,4583
2340.571429,4583
2340.571429,4583
2340.571429,4583
2340.571429,4583
2340.571429,4583
2340.571429,4583
2340.571429,4583
2340.571429,4583
2340.571429,4583
2340.571429,4583
2340.571429,4583
2340.571429,4583
2340.571429,4583
2340.571429,4583
2340.571429,4583
2340.571429,4583
2340.571429,4583
2340.571429,4583
2340.571429,4583
2340.571429,4583
2340.571429,4583
2340.571429,4583
2340.571429,4583
2340.571429,4583
2340.571429,4583
2340.571429,4583
2340.571429,4583
2340.571429,4583
2340.571429,4583
2340.571429,4583
2340.571429,4583
2340.571429,4583
2340.571429,4583
2340.571429,4583
2340.571429,4583
2340.571429,4583
2340.571429,4583
2340.571429,4583
2340.571429,4583
2340.571429,4583
2340.571429,4583
2340.571429,4583
2340.571429,4583
2340.571429,4583
2340.571429,4583
2340.571429,4583
2340.571429,4583
2340.571429,4583
2340.571429,4583
2340.571429,4583
2340.571429,4583
2340.571429,4583
2340.571429,4583
2340.571429,4583
2340.571429,4583
2340.571429,4583
2340.571429,4583
2340.571429,4583
2340.571429,4583
2340.571429,4583
2340.571429,4583
2340.571429,4583
2340.571429,4583
2340.571429,4583
2340.571429,4583
2340.571429,4583
2340.571429,4583
2340.571429,4583
2340.571429,4583
2340.571429,4583
2340.571429,4583
2340.571429,4583
2340.571429,4583
2340.571429,4583
2340.571429,4583
2340.571429,4583
2340.571429,4583
2340.571429,4583
2340.571429,4583
2340.571429,4583
2340.571429,4583
2340.571429,4583
2340.571429,4583
2340.571429,4583
2340.571429,4583
2340.571429,4583
2340.571429,4583
2340.571429,4583
2340.571429,4583
2340.571429,4583
2340.571429,4583
2340.571429,4583
2340.571429,4583
2340.571429,4583
2340.571429,4583
2340.571429,4583
2340.571429,4583
2340.571429,4583
2340.571429,4583
2340.571429,4583
2340.571429,4583
2340.571429,4583
2340.571429,4583
2340.571429,4583
2340.571429,4583
2340.571429,4583
2340.571429,4583
2340.571429,4583
2340.571429,4583
2340.571429,4583
2340.571429,4583
2340.571429,4583
2340.571429,4583
2340.571429,4583
2340.571429,4583
2340.571429,4583
2340.571429,4583
2340.571429,4583
2340.571429,4583
2340.571429,4583
2340.571429,4583
2340.571429,4583
2340.571429,4583
2340.571429,4583
2340.571429,4583
2340.571429,4583
2340.571429,4583
2340.571429,4583
2340.571429,4583
2340.571429,4583
2340.571429,4583
2340.571429,4583
2340.571429,4583
2340.571429,4583
2340.571429,4583
2340.571429,4583
2340.571429,4583
2340.571429,4583
2340.571429,4583
2340.571429,4583
2340.571429,4583
2340.571429,4583
2340.571429,4583
2340.571429,4583
2340.571429,4583
2340.571429,4583
2340.571429,4583
2340.571429,4583
2340.571429,4583
2340.571429,4583
2340.571429,4583
2340.571429,4583
2340.571429,4583
2340.571429,4583
2340.571429,4583
2340.571429,4583
2340.571429,4583
2340.571429,4583
2340.571429,4583
2340.571429,4583
2340.571429,4583
2340.571429,4583
2340.571429,4583
2340.571429,4583
2340.571429,4583
2340.571429,4583
2340.571429,4583
2340.571429,4583
2340.571429,4583
2340.571429,4583
2340.571429,4583
2340.571429,4583
2340.571429,4583
2340.571429,4583
2340.571429,4583
2340.571429,4583
2340.571429,4583
2340.571429,4583
2340.571429,4583
2340.571429,4583
2340.571429,4583
2340.571429,4583
2340.571429,4583
2340.571429,4583
2340.571429,4583
2340.571429,4583
2340.571429,4583
2340.571429,4583
2340.571429,4583
2340.571429,4583
2340.571429,4583
2340.571429,4583
2340.571429,4583
2340.571429,4583
2340.571429,4583
2340.571429,4583
2340.571429,4583
2340.571429,4583
2340.571429,4583
2340.571429,4583
2340.571429,4583
2340.571429,4583
2340.571429,4583
2340.571429,4583
2340.571429,4583
2340.571429,4583
2340.571429,4583
2340.571429,4583
2340.571429,4583
2340.571429,4583
2340.571429,4583
2340.571429,4583
2340.571429,4583
2340.571429,4583
2340.571429,4583
2340.571429,4583
2340.571429,4583
2340.571429,4583
2340.571429,4583
2340.571429,4583
2340.571429,4583
2340.571429,4583
2340.571429,4583
2340.571429,4583
2340.571429,4583
2340.571429,4583
2340.571429,4583
2340.571429,4583
2340.571429,4583
2340.571429,4583
2340.571429,4583
2340.571429,4583
2340.571429,4583
2340.571429,4583
2340.571429,4583
2340.571429,4583
2340.571429,4583
2340.571429,4583
2340.571429,4583
2340.571429,4583
2340.571429,4583
2340.571429,4583
2340.571429,4583
2340.571429,4583
2340.571429,4583
2340.571429,4583
2340.571429,4583
2340.571429,4583
2340.571429,4583
2340.571429,4583
2340.571429,4583
2340.571429,4583
2340.571429,4583
2340.571429,4583
2340.571429,4583
2340.571429,4583
2340.571429,4583
2340.571429,4583
2340.571429,4583
2340.571429,4583
2340.571429,4583
2340.571429,4583
2340.571429,4583
2340.571429,4583
2340.571429,4583
2340.571429,4583
2340.571429,4583
2340.571429,4583
2340.571429,4583
2340.571429,4583
2340.571429,4583
2340.571429,4583
2340.571429,4583
2340.571429,4583
2340.571429,4583
2340.571429,4583
2340.571429,4583
2340.571429,4583
2340.571429,4583
2340.571429,4583
2340.571429,4583
2340.571429,4583
2340.571429,4583
2340.571429,4583
2340.571429,4583
2340.571429,4583
2340.571429,4583
2340.571429,4583
2340.571429,4583
2340.571429,4583
2340.571429,4583
2340.571429,4583
2340.571429,4583
2340.571429,4583
2340.571429,4583
2340.571429,4583
2340.571429,4583
2340.571429,4583
2340.571429,4583
2340.571429,4583
2340.571429,4583
2340.571429,4583
2340.571429,4583
2340.571429,4583
2340.571429,4583
2340.571429,4583
2340.571429,4583
2340.571429,4583
2340.571429,4583
2340.571429,4583
2340.571429,4583
2340.571429,4583
2340.571429,4583
2340.571429,4583
2340.571429,4583
2340.571429,4583
2340.571429,4583
2340.571429,4583
2340.571429,4583
2340.571429,4583
2340.571429,4583
2340.571429,4583
2340.571429,4583
2340.571429,4583
2340.571429,4583
2340.571429,4583
2340.571429,4583
2340.571429,4583
2340.571429,4583
2340.571429,4583
2340.571429,4583
2340.571429,4583
2340.571429,4583
2340.571429,4583
2340.571429,4583
2340.571429,4583
2340.571429,4583
2340.571429,4583
2340.571429,4583
2340.571429,4583
2340.571429,4583
2340.571429,4583
2340.571429,4583
2340.571429,4583
2340.571429,4583
2340.571429,4583
2340.571429,4583
2340.571429,4583
2340.571429,4583
2340.571429,4583
2340.571429,4583
2340.571429,4583
2340.571429,4583
2340.571429,4583
2340.571429,4583
2340.571429,4583
2340.571429,4583
2340.571429,4583
2340.571429,4583
2340.571429,4583
2340.571429,4583
2340.571429,4583
2340.571429,4583
2340.571429,4583
2340.571429,4583
2340.571429,4583
2340.571429,4583
2340.571429,4583
2340.571429,4583
2340.571429,4583
2340.571429,4583
2340.571429,4583
2340.571429,4583
2340.571429,4583
2340.571429,4583
2340.571429,4583
2340.571429,4583
2340.571429,4583
2340.571429,4583
2340.571429,4583
2340.571429,4583
2340.571429,4583
2340.571429,4583
2340.571429,4583
2340.571429,4583
2340.571429,4583
2340.571429,4583
2340.571429,4583
2340.571429,4583
2340.571429,4583
2340.571429,4583
2340.571429,4583
2340.571429,4583
2340.571429,4583
2340.571429,4583
2340.571429,4583
2340.571429,4583
2340.571429,4583
2340.571429,4583
2340.571429,4583
2545.371429,4583
2545.371429,4583
2545.371429,4583
2545.371429,4583
2545.371429,4583
2545.371429,4583
2545.371429,4583
2545.371429,4583
2545.371429,4583
2545.371429,4583
2545.371429,4583
2545.371429,4583
2545.371429,4583
2545.371429,4583
2545.371429,4583
2545.371429,4583
2545.371429,4583
2545.371429,4583
2545.371429,4583
2545.371429,4583
2545.371429,4583
2545.371429,4583
2545.371429,4583
2545.371429,4583
2545.371429,4583
2545.371429,4583
2545.371429,4583
2545.371429,4583
2545.371429,4583
2545.371429,4583
2545.371429,4583
2545.371429,4583
2545.371429,4583
2545.371429,4583
2545.371429,4583
2545.371429,4583
2545.371429,4583
2545.371429,4583
2545.371429,4583
2545.371429,4583
2545.371429,4583
2545.371429,4583
2545.371429,4583
2545.371429,4583
2545.371429,4583
2545.371429,4583
2545.371429,4583
2545.371429,4583
2545.371429,4583
2545.371429,4583
2545.371429,4583
2545.371429,4583
2545.371429,4583
2545.371429,4583
2545.371429,4583
2545.371429,4583
2545.371429,4583
2545.371429,4583
2545.371429,4583
2545.371429,4583
2545.371429,4583
2545.371429,4583
2545.371429,4583
2545.371429,4583
2545.371429,4583
2545.371429,4583
2545.371429,4583
2545.371429,4583
2545.371429,4583
2545.371429,4583
2545.371429,4583
2545.371429,4583
2545.371429,4583
2545.371429,4583
2545.371429,4583
2545.371429,4583
2545.371429,4583
2545.371429,4583
2545.371429,4583
2545.371429,4583
2545.371429,4583
2545.371429,4583
2545.371429,4583
2545.371429,4583
2545.371429,4583
2545.371429,4583
2545.371429,4583
2545.371429,4583
2545.371429,4583
2545.371429,4583
2545.371429,4583
2545.371429,4583
2545.371429,4583
2545.371429,4583
2545.371429,4583
2545.371429,4583
2545.371429,4583
2545.371429,4583
2545.371429,4583
2545.371429,4583
2545.371429,4583
2545.371429,4583
2545.371429,4583
2545.371429,4583
2545.371429,4583
2545.371429,4583
2545.371429,4583
2545.371429,4583
2545.371429,4583
2545.371429,4583
2545.371429,4583
2545.371429,4583
2545.371429,4583
2545.371429,4583
2545.371429,4583
2545.371429,4583
2545.371429,4583
2545.371429,4583
2545.371429,4583
2545.371429,4583
2545.371429,4583
2545.371429,4583
2545.371429,4583
2545.371429,4583
2545.371429,4583
2545.371429,4583
2545.371429,4583
2545.371429,4583
2545.371429,4583
2545.371429,4583
2545.371429,4583
2545.371429,4583
2545.371429,4583
2545.371429,4583
2545.371429,4583
2545.371429,4583
2545.371429,4583
2545.371429,4583
2545.371429,4583
2545.371429,4583
2545.371429,4583
2545.371429,4583
2545.371429,4583
2545.371429,4583
2545.371429,4583
2545.371429,4583
2545.371429,4583
2545.371429,4583
2545.371429,4583
2545.371429,4583
2545.371429,4583
2545.371429,4583
2545.371429,4583
2545.371429,4583
2545.371429,4583
2545.371429,4583
2545.371429,4583
2545.371429,4583
2545.371429,4583
2545.371429,4583
2545.371429,4583
2545.371429,4583
2545.371429,4583
2545.371429,4583
2545.371429,4583
2545.371429,4583
2545.371429,4583
2545.371429,4583
2545.371429,4583
2545.371429,4583
2545.371429,4583
2545.371429,4583
2545.371429,4583
2545.371429,4583
2545.371429,4583
2545.371429,4583
2545.371429,4583
2545.371429,4583
2545.371429,4583
2545.371429,4583
2545.371429,4583
2545.371429,4583
2545.371429,4583
2545.371429,4583
2545.371429,4583
2545.371429,4583
2545.371429,4583
2545.371429,4583
2545.371429,4583
2545.371429,4583
2545.371429,4583
2545.371429,4583
2545.371429,4583
2545.371429,4583
2545.371429,4583
2545.371429,4583
2545.371429,4583
2545.371429,4583
2545.371429,4583
2545.371429,4583
2545.371429,4583
2545.371429,4583
2545.371429,4583
2545.371429,4583
2545.371429,4583
2668.251429,4583
2668.251429,4583
2668.251429,4583
2668.251429,4583
2668.251429,4583
2668.251429,4583
2668.251429,4583
2668.251429,4583
2668.251429,4583
2668.251429,4583
2668.251429,4583
2668.251429,4583
2668.251429,4583
2668.251429,4583
2668.251429,4583
2668.251429,4583
2668.251429,4583
2668.251429,4583
2668.251429,4583
2668.251429,4583
2668.251429,4583
2668.251429,4583
2668.251429,4583
2668.251429,4583
2668.251429,4583
2668.251429,4583
2668.251429,4583
2668.251429,4583
2668.251429,4583
2668.251429,4583
2668.251429,4583
2668.251429,4583
2668.251429,4583
2668.251429,4583
2668.251429,4583
2668.251429,4583
2668.251429,4583
2668.251429,4583
2668.251429,4583
2668.251429,4583
2668.251429,4583
2668.251429,4583
2668.251429,4583
2668.251429,4583
2668.251429,4583
2668.251429,4583
2668.251429,4583
2668.251429,4583
2668.251429,4583
2668.251429,4583
2668.251429,4583
2668.251429,4583
2668.251429,4583
2668.251429,4583
2668.251429,4583
2668.251429,4583
2668.251429,4583
2668.251429,4583
2668.251429,4583
2668.251429,4583
2668.251429,4583
2668.251429,4583
2668.251429,4583
2668.251429,4583
2668.251429,4583
2668.251429,4583
2668.251429,4583
2668.251429,4583
2668.251429,4583
2668.251429,4583
2668.251429,4583
2668.251429,4583
2668.251429,4583
2668.251429,4583
2668.251429,4583
2668.251429,4583
2668.251429,4583
2668.251429,4583
2668.251429,4583
2668.251429,4583
2668.251429,4583
2668.251429,4583
2668.251429,4583
2668.251429,4583
2668.251429,4583
2668.251429,4583
2668.251429,4583
2668.251429,4583
2668.251429,4583
2668.251429,4583
2668.251429,4583
2668.251429,4583
2668.251429,4583
2668.251429,4583
2668.251429,4583
2668.251429,4583
2668.251429,4583
2668.251429,4583
2668.251429,4583
2668.251429,4583
2668.251429,4583
2668.251429,4583
2668.251429,4583
2668.251429,4583
2668.251429,4583
2668.251429,4583
2668.251429,4583
2668.251429,4583
2668.251429,4583
2668.251429,4583
2668.251429,4583
2668.251429,4583
2668.251429,4583
2668.251429,4583
2668.251429,4583
2668.251429,4583
2668.251429,4583
2668.251429,4583
2668.251429,4583
2668.251429,4583
2668.251429,4583
2668.251429,4583
2668.251429,4583
2750.171429,4583
2750.171429,4583
2750.171429,4583
2750.171429,4583
2750.171429,4583
2750.171429,4583
2750.171429,4583
2750.171429,4583
2750.171429,4583
2750.171429,4583
2750.171429,4583
2750.171429,4583
2750.171429,4583
2750.171429,4583
2750.171429,4583
2750.171429,4583
2750.171429,4583
2750.171429,4583
2750.171429,4583
2750.171429,4583
2750.171429,4583
2750.171429,4583
2750.171429,4583
2750.171429,4583
2750.171429,4583
2750.171429,4583
2750.171429,4583
2750.171429,4583
2750.171429,4583
2750.171429,4583
2750.171429,4583
2750.171429,4583
2750.171429,4583
2750.171429,4583
2750.171429,4583
2750.171429,4583
2750.171429,4583
2750.171429,4583
2750.171429,4583
2750.171429,4583
2750.171429,4583
2750.171429,4583
2750.171429,4583
2750.171429,4583
2750.171429,4583
2750.171429,4583
2750.171429,4583
2750.171429,4583
2750.171429,4583
2750.171429,4583
2750.171429,4583
2750.171429,4583
2750.171429,4583
2750.171429,4583
2750.171429,4583
2750.171429,4583
2750.171429,4583
2750.171429,4583
2750.171429,4583
2750.171429,4583
2750.171429,4583
2750.171429,4583
2750.171429,4583
2750.171429,4583
2750.171429,4583
2750.171429,4583
2750.171429,4583
2750.171429,4583
2750.171429,4583
2750.171429,4583
2750.171429,4583
2750.171429,4583
2750.171429,4583
2750.171429,4583
2750.171429,4583
2750.171429,4583
2750.171429,4583
2750.171429,4583
2750.171429,4583
2750.171429,4583
2750.171429,4583
2750.171429,4583
2808.685714,4583
2808.685714,4583
2808.685714,4583
2808.685714,4583
2808.685714,4583
2808.685714,4583
2808.685714,4583
2808.685714,4583
2808.685714,4583
2808.685714,4583
2808.685714,4583
2808.685714,4583
2808.685714,4583
2808.685714,4583
2808.685714,4583
2808.685714,4583
2808.685714,4583
2808.685714,4583
2808.685714,4583
2808.685714,4583
2808.685714,4583
2808.685714,4583
2808.685714,4583
2808.685714,4583
2808.685714,4583
2808.685714,4583
2808.685714,4583
2808.685714,4583
2808.685714,4583
2808.685714,4583
2808.685714,4583
2808.685714,4583
2808.685714,4583
2808.685714,4583
2808.685714,4583
2808.685714,4583
2808.685714,4583
2808.685714,4583
2808.685714,4583
2808.685714,4583
2808.685714,4583
2808.685714,4583
2808.685714,4583
2808.685714,4583
2808.685714,4583
2808.685714,4583
2808.685714,4583
2808.685714,4583
2808.685714,4583
2808.685714,4583
2808.685714,4583
2808.685714,4583
2808.685714,4583
2808.685714,4583
2808.685714,4583
2808.685714,4583
2808.685714,4583
2808.685714,4583
2852.571429,4583
2852.571429,4583
2852.571429,4583
2852.571429,4583
2852.571429,4583
2852.571429,4583
2852.571429,4583
2852.571429,4583
2852.571429,4583
2852.571429,4583
2852.571429,4583
2852.571429,4583
2852.571429,4583
2852.571429,4583
2852.571429,4583
2852.571429,4583
2852.571429,4583
2852.571429,4583
2852.571429,4583
2852.571429,4583
2852.571429,4583
2852.571429,4583
2852.571429,4583
2852.571429,4583
2852.571429,4583
2852.571429,4583
2852.571429,4583
2852.571429,4583
2852.571429,4583
2852.571429,4583
2852.571429,4583
2852.571429,4583
2852.571429,4583
2852.571429,4583
2852.571429,4583
2852.571429,4583
2852.571429,4583
2852.571429,4583
2852.571429,4583
2852.571429,4583
2852.571429,4583
2852.571429,4583
2852.571429,4583
2852.571429,4583
2886.704762,4583
2886.704762,4583
2886.704762,4583
2886.704762,4583
2886.704762,4583
2886.704762,4583
2886.704762,4583
2886.704762,4583
2886.704762,4583
2886.704762,4583
2886.704762,4583
2886.704762,4583
2886.704762,4583
2886.704762,4583
2886.704762,4583
2886.704762,4583
2886.704762,4583
2886.704762,4583
2886.704762,4583
2886.704762,4583
2886.704762,4583
2886.704762,4583
2886.704762,4583
2886.704762,4583
2886.704762,4583
2886.704762,4583
2886.704762,4583
2886.704762,4583
2886.704762,4583
2886.704762,4583
2886.704762,4583
2886.704762,4583
2886.704762,4583
2886.704762,4583
2914.011429,4583
2914.011429,4583
2914.011429,4583
2914.011429,4583
2914.011429,4583
2914.011429,4583
2914.011429,4583
2914.011429,4583
2914.011429,4583
2914.011429,4583
2914.011429,4583
2914.011429,4583
2914.011429,4583
2914.011429,4583
2914.011429,4583
2914.011429,4583
2914.011429,4583
2914.011429,4583
2914.011429,4583
2914.011429,4583
2914.011429,4583
2914.011429,4583
2914.011429,4583
2914.011429,4583
2914.011429,4583
2914.011429,4583
2914.011429,4583
2914.011429,4583
2936.353247,4583
2936.353247,4583
2936.353247,4583
2936.353247,4583
2936.353247,4583
2936.353247,4583
2936.353247,4583
2936.353247,4583
2936.353247,4583
2936.353247,4583
2936.353247,4583
2936.353247,4583
2936.353247,4583
2936.353247,4583
2936.353247,4583
2936.353247,4583
2936.353247,4583
2936.353247,4583
2936.353247,4583
2936.353247,4583
2936.353247,4583
2936.353247,4583
2954.971429,4583
2954.971429,4583
2954.971429,4583
2954.971429,4583
2954.971429,4583
2954.971429,4583
2954.971429,4583
2954.971429,4583
2954.971429,4583
2954.971429,4583
2954.971429,4583
2954.971429,4583
2954.971429,4583
2954.971429,4583
2954.971429,4583
2954.971429,4583
2954.971429,4583
2954.971429,4583
2970.725275,4583
2970.725275,4583
2970.725275,4583
2970.725275,4583
2970.725275,4583
2970.725275,4583
2970.725275,4583
2970.725275,4583
2970.725275,4583
2970.725275,4583
2970.725275,4583
2970.725275,4583
2970.725275,4583
2970.725275,4583
2970.725275,4583
2970.725275,4583
2984.228571,4583
2984.228571,4583
2984.228571,4583
2984.228571,4583
2984.228571,4583
2984.228571,4583
2984.228571,4583
2984.228571,4583
2984.228571,4583
2984.228571,4583
2984.228571,4583
2984.228571,4583
2984.228571,4583
2984.228571,4583
2995.931429,4583
2995.931429,4583
2995.931429,4583
2995.931429,4583
2995.931429,4583
2995.931429,4583
2995.931429,4583
2995.931429,4583
2995.931429,4583
2995.931429,4583
2995.931429,4583
3006.171429,4583
3006.171429,4583
3006.171429,4583
3006.171429,4583
3006.171429,4583
3006.171429,4583
3006.171429,4583
3006.171429,4583
3006.171429,4583
3006.171429,4583
3006.171429,4583
3015.206723,4583
3015.206723,4583
3015.206723,4583
3015.206723,4583
3015.206723,4583
3015.206723,4583
3015.206723,4583
3015.206723,4583
3015.206723,4583
3023.238095,4583
3023.238095,4583
3023.238095,4583
3023.238095,4583
3023.238095,4583
3023.238095,4583
3023.238095,4583
3023.238095,4583
3030.42406,4583
3030.42406,4583
3030.42406,4583
3030.42406,4583
3030.42406,4583
3030.42406,4583
3030.42406,4583
3036.891429,4583
3036.891429,4583
3036.891429,4583
3036.891429,4583
3036.891429,4583
3036.891429,4583
3042.742857,4583
3042.742857,4583
3042.742857,4583
3042.742857,4583
3042.742857,4583
3042.742857,4583
3048.062338,4583
3048.062338,4583
3048.062338,4583
3048.062338,4583
3048.062338,4583
3048.062338,4583
3068.099048,4606
3068.099048,4606
3068.099048,4606
3068.099048,4606
3068.099048,4606
3068.099048,4606
3068.099048,4606
3068.099048,4606
3068.099048,4606
3068.099048,4606
3068.099048,4606
3068.099048,4606
3068.099048,4606
3068.099048,4606
3068.099048,4606
3068.099048,4606
3068.099048,4606
3068.099048,4606
3068.099048,4606
3068.099048,4606
3090.285714,4606
3090.285714,4606
3090.285714,4606
3090.285714,4606
3090.285714,4606
3090.285714,4606
3090.285714,4606
3090.285714,4606
3090.285714,4606
3090.285714,4606
3090.285714,4606
3090.285714,4606
3090.285714,4606
3090.285714,4606
3090.285714,4606
3090.285714,4606
3090.285714,4606
3090.285714,4606
3090.285714,4606
3090.285714,4606
3090.285714,4606
3090.285714,4606
3109.862185,4606
3109.862185,4606
3109.862185,4606
3109.862185,4606
3109.862185,4606
3109.862185,4606
3109.862185,4606
3109.862185,4606
3109.862185,4606
3109.862185,4606
3109.862185,4606
3109.862185,4606
3109.862185,4606
3109.862185,4606
3109.862185,4606
3109.862185,4606
3109.862185,4606
3109.862185,4606
3109.862185,4606
3127.263492,4606
3127.263492,4606
3127.263492,4606
3127.263492,4606
3127.263492,4606
3127.263492,4606
3127.263492,4606
3127.263492,4606
3127.263492,4606
3127.263492,4606
3127.263492,4606
3127.263492,4606
3127.263492,4606
3127.263492,4606
3127.263492,4606
3127.263492,4606
3127.263492,4606
3127.263492,4606
3142.833083,4606
3142.833083,4606
3142.833083,4606
3142.833083,4606
3142.833083,4606
3142.833083,4606
3142.833083,4606
3142.833083,4606
3142.833083,4606
3142.833083,4606
3142.833083,4606
3142.833083,4606
3142.833083,4606
3142.833083,4606
3142.833083,4606
3156.845714,4606
3156.845714,4606
3156.845714,4606
3156.845714,4606
3156.845714,4606
3156.845714,4606
3156.845714,4606
3156.845714,4606
3156.845714,4606
3156.845714,4606
3156.845714,4606
3156.845714,4606
3156.845714,4606
3156.845714,4606
3169.52381,4606
3169.52381,4606
3169.52381,4606
3169.52381,4606
3169.52381,4606
3169.52381,4606
3169.52381,4606
3169.52381,4606
3169.52381,4606
3169.52381,4606
3169.52381,4606
3169.52381,4606
3169.52381,4606
3181.049351,4606
3181.049351,4606
3181.049351,4606
3181.049351,4606
3181.049351,4606
3181.049351,4606
3181.049351,4606
3181.049351,4606
3181.049351,4606
3181.049351,4606
3181.049351,4606
3181.049351,4606
3191.572671,4606
3191.572671,4606
3191.572671,4606
3191.572671,4606
3191.572671,4606
3191.572671,4606
3191.572671,4606
3191.572671,4606
3191.572671,4606
3191.572671,4606
3201.219048,4606
3201.219048,4606
3201.219048,4606
3201.219048,4606
3201.219048,4606
3201.219048,4606
3201.219048,4606
3201.219048,4606
3201.219048,4606
3201.219048,4606
3210.093714,4606
3210.093714,4606
3210.093714,4606
3210.093714,4606
3210.093714,4606
3210.093714,4606
3210.093714,4606
3210.093714,4606
3210.093714,4606
3218.285714,4606
3218.285714,4606
3218.285714,4606
3218.285714,4606
3218.285714,4606
3218.285714,4606
3218.285714,4606
3218.285714,4606
3225.870899,4606
3225.870899,4606
3225.870899,4606
3225.870899,4606
3225.870899,4606
3225.870899,4606
3225.870899,4606
3232.914286,4606
3232.914286,4606
3232.914286,4606
3232.914286,4606
3232.914286,4606
3232.914286,4606
3232.914286,4606
3239.471921,4606
3239.471921,4606
3239.471921,4606
3239.471921,4606
3239.471921,4606
3239.471921,4606
3239.471921,4606
3245.592381,4606
3245.592381,4606
3245.592381,4606
3245.592381,4606
3245.592381,4606
3245.592381,4606
3251.317972,4606
3251.317972,4606
3251.317972,4606
3251.317972,4606
3251.317972,4606
3251.317972,4606
3256.685714,4606
3256.685714,4606
3256.685714,4606
3256.685714,4606
3256.685714,4606
3261.728139,4606
3261.728139,4606
3261.728139,4606
3261.728139,4606
3261.728139,4606
3266.47395,4606
3266.47395,4606
3266.47395,4606
3266.47395,4606
3266.47395,4606
3270.948571,4606
3270.948571,4606
3270.948571,4606
3270.948571,4606
3275.174603,4606
3275.174603,4606
3275.174603,4606
3275.174603,4606
3275.174603,4606
3279.172201,4606
3279.172201,4606
3279.172201,4606
3279.172201,4606
3282.959398,4606
3282.959398,4606
3282.959398,4606
3286.552381,4606
3286.552381,4606
3286.552381,4606
3286.552381,4606
3289.965714,4606
3289.965714,4606
3289.965714,4606
3293.212544,4606
3293.212544,4606
3293.212544,4606
3293.212544,4606
3296.304762,4606
3296.304762,4606
3296.304762,4606
3299.253156,4606
3299.253156,4606
3299.253156,4606
3302.067532,4606
3302.067532,4606
3302.067532,4606
3304.756825,4606
3304.756825,4606
3307.329193,4606
3307.329193,4606
3307.329193,4606
3309.792097,4606
3309.792097,4606
3312.152381,4606
3312.152381,4606
3312.152381,4606
3314.416327,4606
3314.416327,4606
3316.589714,4606
3316.589714,4606
3318.677871,4606
3318.677871,4606
3320.685714,4606
3320.685714,4606
3322.61779,4606
3322.61779,4606
3324.478307,4606
3324.478307,4606
3326.271169,4606
3326.271169,4606
3328,4606
3328,4606
3329.66817,4606
3331.278818,4606
3331.278818,4606
3332.834867,4606
3334.144,4546
3334.144,4546
3338.323592,4546
3338.323592,4546
3338.323592,4546
3338.323592,4546
3342.336,4546
3342.336,4546
3342.336,4546
3342.336,4546
3346.191059,4546
3346.191059,4546
3346.191059,4546
3346.191059,4546
3349.897846,4546
3349.897846,4546
3349.897846,4546
3353.464755,4546
3353.464755,4546
3353.464755,4546
3353.464755,4546
3356.899556,4546
3356.899556,4546
3356.899556,4546
3360.209455,4546
3360.209455,4546
3360.209455,4546
3360.209455,4546
3363.401143,4546
3363.401143,4546
3363.401143,4546
3366.480842,4546
3366.480842,4546
3366.480842,4546
3369.454345,4546
3369.454345,4546
3369.454345,4546
3372.327051,4546
3372.327051,4546
3372.327051,4546
3375.104,4546
3375.104,4546
3375.104,4546
3377.789902,4546
3377.789902,4546
3380.389161,4546
3380.389161,4546
3380.389161,4546
3382.905905,4546
3382.905905,4546
3385.344,4546
3385.344,4546
3385.344,4546
3387.707077,4546
3387.707077,4546
3389.998545,4546
3389.998545,4546
3392.221612,4546
3392.221612,4546
3392.221612,4546
3394.379294,4546
3394.379294,4546
3396.474435,4546
3396.474435,4546
3398.509714,4546
3398.509714,4546
3400.487662,4546
3400.487662,4546
3402.410667,4546
3402.410667,4546
3404.280986,4546
3404.280986,4546
3406.100757,4546
3406.100757,4546
3407.872,4546
3409.596632,4546
3409.596632,4546
3411.276468,4546
3411.276468,4546
3412.913231,4546
3414.508557,4546
3414.508557,4546
3416.064,4546
3416.064,4546
3417.581037,4546
3419.061073,4546
3419.061073,4546
3420.505446,4546
3421.915429,4546
3423.292235,4546
3423.292235,4546
3424.637023,4546
3425.950897,4546
3427.234909,4546
3427.234909,4546
3428.490067,4546
3429.717333,4546
3430.917626,4546
3432.091826,4546
3432.091826,4546
3433.240774,4546
3434.365277,4546
3435.466105,4546
3436.544,4546
3437.59967,4546
3438.633796,4546
3439.64703,4546
3440.64,4546
3441.613307,4546
3442.567529,4546
3443.033766,4602
3444.150857,4602
3445.245827,4602
3446.319328,4602
3447.371983,4602
3448.404396,4602
3449.417143,4602
3450.410782,4602
3451.385848,4602
3452.342857,4602
3453.282307,4602
3454.204675,4602
3455.110425,4602
3456,4602
3457.732331,4602
3458.575901,4602
3459.404926,4602
3460.21978,4602
3461.020823,4602
3462.582857,4602
3463.34451,4602
3464.093677,4602
3465.55576,4602
3466.269257,4602
3467.662542,4602
3468.342857,4602
3469.012625,4602
3470.321483,4602
3471.590977,4602
3472.211514,4602
3473.42521,4602
3474.01877,4602
3475.180267,4602
3476.308815,4602
3477.405794,4602
3478.472512,4602
3479.510204,4602
3480.018533,4602
3481.014857,4602
3482.460504,4602
3483.39318,4602
3484.302093,4602
3485.18814,4602
3486.052174,4602
3487.261138,4561
3488.698331,4561
3489.402838,4561
3490.098194,4561
3491.462164,4561
3492.131117,4561
3493.44378,4561
3494.087805,4561
3495.352002,4561
3496.585366,4561
3497.190835,4561
3498.38002,4561
3499.541059,4561
3500.111334,4561
3501.231991,4561
3502.326885,4561
3503.396896,4561
3504.442861,4561
3505.465583,4561
3506.465827,4561
3507.444327,4561
3508.401783,4561
3509.338869,4561
3510.256226,4561
3511.154472,4561
3512.034197,4561
3513.320292,4561
3514.156147,4561
3515.378894,4561
3516.174079,4561
3517.338046,4561
3518.09546,4561
3519.204786,4561
3861.942857,4287
3861.942857,4287
3861.942857,4287
3861.942857,4287
3861.942857,4287
3861.942857,4287
3861.942857,4287
3861.942857,4287
3861.942857,4287
3861.942857,4287
3861.942857,4287
3861.942857,4287
3861.942857,4287
3861.942857,4287
3861.942857,4287
3861.942857,4287
3861.942857,4287
3861.942857,4287
3861.942857,4287
3861.942857,4287
3861.942857,4287
3861.942857,4287
3861.942857,4287
3861.942857,4287
3861.942857,4287
3861.942857,4287
3861.942857,4287
3861.942857,4287
3861.942857,4287
3861.942857,4287
3861.942857,4287
3861.942857,4287
3861.942857,4287
3861.942857,4287
3861.942857,4287
3861.942857,4287
3861.942857,4287
3861.942857,4287
3861.942857,4287
3861.942857,4287
3861.942857,4287
3861.942857,4287
3861.942857,4287
3861.942857,4287
3861.942857,4287
3861.942857,4287
3861.942857,4287
3861.942857,4287
3861.942857,4287
3861.942857,4287
3861.942857,4287
3861.942857,4287
3861.942857,4287
3861.942857,4287
3861.942857,4287
3861.942857,4287
3861.942857,4287
3861.942857,4287
3861.942857,4287
3861.942857,4287
3861.942857,4287
3861.942857,4287
3861.942857,4287
3861.942857,4287
3861.942857,4287
3861.942857,4287
3861.942857,4287
3861.942857,4287
3861.942857,4287
3861.942857,4287
3861.942857,4287
3861.942857,4287
3861.942857,4287
3861.942857,4287
3861.942857,4287
3861.942857,4287
3861.942857,4287
3861.942857,4287
3861.942857,4287
3861.942857,4287
3861.942857,4287
3861.942857,4287
3861.942857,4287
3861.942857,4287
3861.942857,4287
3861.942857,4287
3861.942857,4287
3861.942857,4287
3861.942857,4287
3861.942857,4287
3861.942857,4287
3861.942857,4287
3861.942857,4287
3861.942857,4287
3861.942857,4287
3861.942857,4287
3861.942857,4287
3861.942857,4287
3861.942857,4287
3861.942857,4287
3861.942857,4287
3861.942857,4287
3861.942857,4287
3861.942857,4287
3861.942857,4287
3861.942857,4287
3861.942857,4287
3861.942857,4287
3861.942857,4287
3861.942857,4287
3861.942857,4287
3861.942857,4287
3861.942857,4287
3861.942857,4287
3861.942857,4287
3861.942857,4287
3861.942857,4287
3861.942857,4287
3861.942857,4287
3861.942857,4287
3861.942857,4287
3861.942857,4287
3861.942857,4287
3861.942857,4287
3861.942857,4287
3861.942857,4287
3861.942857,4287
3861.942857,4287
3861.942857,4287
3861.942857,4287
3861.942857,4287
3861.942857,4287
3861.942857,4287
3861.942857,4287
3861.942857,4287
3861.942857,4287
3861.942857,4287
3861.942857,4287
3861.942857,4287
3861.942857,4287
3861.942857,4287
3861.942857,4287
3861.942857,4287
3861.942857,4287
3861.942857,4287
3861.942857,4287
3861.942857,4287
3861.942857,4287
3861.942857,4287
3861.942857,4287
3861.942857,4287
3861.942857,4287
3861.942857,4287
3861.942857,4287
3861.942857,4287
3861.942857,4287
3861.942857,4287
3861.942857,4287
3861.942857,4287
3861.942857,4287
3861.942857,4287
3861.942857,4287
3861.942857,4287
3861.942857,4287
3861.942857,4287
3861.942857,4287
3861.942857,4287
3861.942857,4287
3861.942857,4287
3861.942857,4287
3861.942857,4287
3861.942857,4287
3861.942857,4287
3861.942857,4287
3861.942857,4287
3861.942857,4287
3861.942857,4287
3861.942857,4287
3861.942857,4287
3861.942857,4287
3861.942857,4287
3861.942857,4287
3861.942857,4287
3861.942857,4287
3861.942857,4287
3861.942857,4287
3861.942857,4287
3861.942857,4287
3861.942857,4287
3861.942857,4287
3861.942857,4287
3861.942857,4287
3861.942857,4287
3861.942857,4287
3861.942857,4287
3861.942857,4287
3861.942857,4287
3861.942857,4287
3861.942857,4287
3861.942857,4287
3861.942857,4287
3861.942857,4287
3861.942857,4287
3861.942857,4287
3861.942857,4287
3861.942857,4287
3861.942857,4287
3861.942857,4287
3861.942857,4287
3861.942857,4287
3861.942857,4287
3861.942857,4287
3861.942857,4287
3861.942857,4287
3861.942857,4287
3861.942857,4287
3861.942857,4287
3861.942857,4287
3861.942857,4287
3861.942857,4287
3861.942857,4287
3861.942857,4287
3861.942857,4287
3861.942857,4287
3861.942857,4287
3861.942857,4287
3861.942857,4287
3861.942857,4287
3861.942857,4287
3861.942857,4287
3861.942857,4287
3861.942857,4287
3861.942857,4287
3861.942857,4287
3861.942857,4287
3861.942857,4287
3861.942857,4287
3861.942857,4287
3861.942857,4287
3861.942857,4287
3861.942857,4287
3861.942857,4287
3861.942857,4287
3861.942857,4287
3861.942857,4287
3861.942857,4287
3861.942857,4287
3861.942857,4287
3861.942857,4287
3861.942857,4287
3861.942857,4287
3861.942857,4287
3861.942857,4287
3861.942857,4287
3861.942857,4287
3861.942857,4287
3861.942857,4287
3861.942857,4287
3861.942857,4287
3861.942857,4287
3861.942857,4287
3861.942857,4287
3861.942857,4287
3861.942857,4287
3861.942857,4287
3861.942857,4287
3861.942857,4287
3861.942857,4287
3861.942857,4287
3861.942857,4287
3861.942857,4287
3861.942857,4287
3861.942857,4287
3861.942857,4287
3861.942857,4287
3861.942857,4287
3861.942857,4287
3861.942857,4287
3861.942857,4287
3861.942857,4287
3861.942857,4287
3861.942857,4287
3861.942857,4287
3861.942857,4287
3861.942857,4287
3861.942857,4287
3861.942857,4287
3861.942857,4287
3861.942857,4287
3861.942857,4287
3861.942857,4287
3861.942857,4287
3861.942857,4287
3861.942857,4287
3861.942857,4287
3861.942857,4287
3861.942857,4287
3861.942857,4287
3861.942857,4287
3861.942857,4287
3861.942857,4287
3861.942857,4287
3861.942857,4287
3861.942857,4287
3861.942857,4287
3861.942857,4287
3861.942857,4287
3861.942857,4287
3861.942857,4287
3861.942857,4287
3861.942857,4287
3861.942857,4287
3861.942857,4287
3861.942857,4287
3861.942857,4287
3861.942857,4287
3861.942857,4287
3861.942857,4287
3861.942857,4287
3861.942857,4287
3861.942857,4287
3861.942857,4287
3861.942857,4287
3861.942857,4287
3861.942857,4287
3861.942857,4287
3861.942857,4287
3861.942857,4287
3861.942857,4287
3861.942857,4287
3861.942857,4287
3861.942857,4287
3861.942857,4287
3861.942857,4287
3861.942857,4287
3861.942857,4287
3861.942857,4287
3861.942857,4287
3861.942857,4287
3861.942857,4287
3861.942857,4287
3861.942857,4287
4681.142857,4287
4681.142857,4287
4681.142857,4287
4681.142857,4287
4681.142857,4287
4681.142857,4287
4681.142857,4287
4681.142857,4287
4681.142857,4287
4681.142857,4287
4681.142857,4287
4681.142857,4287
4681.142857,4287
4681.142857,4287
4681.142857,4287
4681.142857,4287
4681.142857,4287
4681.142857,4287
4681.142857,4287
4681.142857,4287
4681.142857,4287
4681.142857,4287
4681.142857,4287
4681.142857,4287
4681.142857,4287
4681.142857,4287
4681.142857,4287
4681.142857,4287
4681.142857,4287
4681.142857,4287
4681.142857,4287
4681.142857,4287
4681.142857,4287
4681.142857,4287
4681.142857,4287
4681.142857,4287
4681.142857,4287
4681.142857,4287
4681.142857,4287
4681.142857,4287
4681.142857,4287
4681.142857,4287
4681.142857,4287
4681.142857,4287
4681.142857,4287
4681.142857,4287
4681.142857,4287
4681.142857,4287
4681.142857,4287
4681.142857,4287
4681.142857,4287
4681.142857,4287
4681.142857,4287
4681.142857,4287
4681.142857,4287
4681.142857,4287
4681.142857,4287
4681.142857,4287
4681.142857,4287
4681.142857,4287
4681.142857,4287
4681.142857,4287
4681.142857,4287
4681.142857,4287
4681.142857,4287
4681.142857,4287
4681.142857,4287
4681.142857,4287
4681.142857,4287
4681.142857,4287
4681.142857,4287
4681.142857,4287
4681.142857,4287
4681.142857,4287
4681.142857,4287
4681.142857,4287
4681.142857,4287
4681.142857,4287
4681.142857,4287
4681.142857,4287
4681.142857,4287
4681.142857,4287
4681.142857,4287
4681.142857,4287
4681.142857,4287
4681.142857,4287
4681.142857,4287
4681.142857,4287
4681.142857,4287
4681.142857,4287
4681.142857,4287
4681.142857,4287
4681.142857,4287
4681.142857,4287
4681.142857,4287
4681.142857,4287
4681.142857,4287
4681.142857,4287
4681.142857,4287
4681.142857,4287
4681.142857,4287
4681.142857,4287
4681.142857,4287
4681.142857,4287
4681.142857,4287
4681.142857,4287
4681.142857,4287
4681.142857,4287
4681.142857,4287
4681.142857,4287
4681.142857,4287
4681.142857,4287
4681.142857,4287
4681.142857,4287
4681.142857,4287
4681.142857,4287
4681.142857,4287
4681.142857,4287
4681.142857,4287
4681.142857,4287
4681.142857,4287
4681.142857,4287
4681.142857,4287
4681.142857,4287
4681.142857,4287
4681.142857,4287
4681.142857,4287
4681.142857,4287
4681.142857,4287
4681.142857,4287
4681.142857,4287
4681.142857,4287
4681.142857,4287
4681.142857,4287
4681.142857,4287
4681.142857,4287
4681.142857,4287
4681.142857,4287
4681.142857,4287
4681.142857,4287
4681.142857,4287
4681.142857,4287
4681.142857,4287
4681.142857,4287
4681.142857,4287
4681.142857,4287
4681.142857,4287
4681.142857,4287
4681.142857,4287
4681.142857,4287
4681.142857,4287
4681.142857,4287
4681.142857,4287
4681.142857,4287
4681.142857,4287
4681.142857,4287
4681.142857,4287
4681.142857,4287
4681.142857,4287
4681.142857,4287
4681.142857,4287
4681.142857,4287
4681.142857,4287
4681.142857,4287
4681.142857,4287
4681.142857,4287
4681.142857,4287
4681.142857,4287
4681.142857,4287
4681.142857,4287
4681.142857,4287
4681.142857,4287
4681.142857,4287
4681.142857,4287
4681.142857,4287
4681.142857,4287
4681.142857,4287
4681.142857,4287
4681.142857,4287
4681.142857,4287
4681.142857,4287
4681.142857,4287
4681.142857,4287
4681.142857,4287
4681.142857,4287
4681.142857,4287
4681.142857,4287
4681.142857,4287
4681.142857,4287
4681.142857,4287
4681.142857,4287
4681.142857,4287
4681.142857,4287
4681.142857,4287
4681.142857,4287
4681.142857,4287
4681.142857,4287
4681.142857,4287
4681.142857,4287
4681.142857,4287
4681.142857,4287
4681.142857,4287
4681.142857,4287
4681.142857,4287
4681.142857,4287
4681.142857,4287
4681.142857,4287
4681.142857,4287
4681.142857,4287
4681.142857,4287
4681.142857,4287
4681.142857,4287
4681.142857,4287
4681.142857,4287
4681.142857,4287
4681.142857,4287
4681.142857,4287
4681.142857,4287
4681.142857,4287
4681.142857,4287
4681.142857,4287
4681.142857,4287
4681.142857,4287
4681.142857,4287
4681.142857,4287
4681.142857,4287
4681.142857,4287
4681.142857,4287
4681.142857,4287
4681.142857,4287
4681.142857,4287
4681.142857,4287
4681.142857,4287
4681.142857,4287
4681.142857,4287
4681.142857,4287
4681.142857,4287
4681.142857,4287
4681.142857,4287
4681.142857,4287
4681.142857,4287
4681.142857,4287
4681.142857,4287
4681.142857,4287
4681.142857,4287
4681.142857,4287
4681.142857,4287
4681.142857,4287
4681.142857,4287
4681.142857,4287
4681.142857,4287
4681.142857,4287
4681.142857,4287
4681.142857,4287
4681.142857,4287
4681.142857,4287
4681.142857,4287
4681.142857,4287
4681.142857,4287
4681.142857,4287
4681.142857,4287
4681.142857,4287
4681.142857,4287
4681.142857,4287
4681.142857,4287
4681.142857,4287
4681.142857,4287
4681.142857,4287
4681.142857,4287
4681.142857,4287
4681.142857,4287
4681.142857,4287
4681.142857,4287
4681.142857,4287
4681.142857,4287
4681.142857,4287
4681.142857,4287
4681.142857,4287
4681.142857,4287
4681.142857,4287
4681.142857,4287
4681.142857,4287
4681.142857,4287
4681.142857,4287
4681.142857,4287
4681.142857,4287
4681.142857,4287
4681.142857,4287
4681.142857,4287
4681.142857,4287
4681.142857,4287
4681.142857,4287
4681.142857,4287
4681.142857,4287
4681.142857,4287
4681.142857,4287
4681.142857,4287
4681.142857,4287
4681.142857,4287
4681.142857,4287
4681.142857,4287
4681.142857,4287
4681.142857,4287
4681.142857,4287
4681.142857,4287
4681.142857,4287
4681.142857,4287
4681.142857,4287
4681.142857,4287
4681.142857,4287
4681.142857,4287
4681.142857,4287
4681.142857,4287
4681.142857,4287
4681.142857,4287
4681.142857,4287
4681.142857,4287
4681.142857,4287
4681.142857,4287
4681.142857,4287
4681.142857,4287
4681.142857,4287
4681.142857,4287
4681.142857,4287
4681.142857,4287
4681.142857,4287
4681.142857,4287
4681.142857,4287
4681.142857,4287
4681.142857,4287
4681.142857,4287
4681.142857,4287
4681.142857,4287
4681.142857,4287
4681.142857,4287
4681.142857,4287
4681.142857,4287
4681.142857,4287
4681.142857,4287
4681.142857,4287
4681.142857,4287
4681.142857,4287
4681.142857,4287
4681.142857,4287
4681.142857,4287
4681.142857,4287
4681.142857,4287
4681.142857,4287
4681.142857,4287
4681.142857,4287
4681.142857,4287
4681.142857,4287
4681.142857,4287
4681.142857,4287
4681.142857,4287
4681.142857,4287
4681.142857,4287
4681.142857,4287
4681.142857,4287
4681.142857,4287
4681.142857,4287
4681.142857,4287
4681.142857,4287
4681.142857,4287
4681.142857,4287
4681.142857,4287
4681.142857,4287
4681.142857,4287
4681.142857,4287
4681.142857,4287
4681.142857,4287
4681.142857,4287
4681.142857,4287
4681.142857,4287
4681.142857,4287
4681.142857,4287
4681.142857,4287
4681.142857,4287
4681.142857,4287
4681.142857,4287
4681.142857,4287
4681.142857,4287
4681.142857,4287
4681.142857,4287
4681.142857,4287
4681.142857,4287
4681.142857,4287
4681.142857,4287
4681.142857,4287
4681.142857,4287
4681.142857,4287
4681.142857,4287
4681.142857,4287
4681.142857,4287
4681.142857,4287
4681.142857,4287
4681.142857,4287
4681.142857,4287
4681.142857,4287
4681.142857,4287
4681.142857,4287
4681.142857,4287
4681.142857,4287
4681.142857,4287
4681.142857,4287
4681.142857,4287
4681.142857,4287
4681.142857,4287
4681.142857,4287
4681.142857,4287
4681.142857,4287
4681.142857,4287
4681.142857,4287
4681.142857,4287
4681.142857,4287
4681.142857,4287
4681.142857,4287
4681.142857,4287
4681.142857,4287
4681.142857,4287
4681.142857,4287
4681.142857,4287
4681.142857,4287
4681.142857,4287
4681.142857,4287
4681.142857,4287
