COMMENT,LCS2_lru_2021_03_27__10_42_00_k_3__d_2_cache_sizes_100_to_3000_problem_size_100
SORT_BY,
LABEL,LRU
3,177772
4,177772
5,174802
6,174796
7,162644
8,162240
9,155720
10,155525
11,152325
12,149509
13,145915
14,144298
15,141604
16,139956
17,137705
18,137159
19,136647
20,136341
21,136108
22,135250
23,134592
24,133551
25,129026
26,127636
27,125483
28,119986
29,117672
30,116162
31,114801
32,113467
33,111703
34,109994
35,105009
36,103693
37,101890
38,100780
39,98548
40,97868
41,94363
42,93371
43,92864
44,91809
45,90009
46,89839
47,89455
48,88785
49,88435
50,88082
51,87061
52,86867
53,83617
54,82294
55,81074
56,80708
57,76068
58,74874
59,74447
60,74235
61,72284
62,72142
63,71926
64,71861
65,71687
66,71477
67,71273
68,71029
69,70989
70,70942
71,70803
72,70663
73,70537
74,70461
75,70309
76,70227
77,69977
78,69744
79,69702
80,69638
81,69570
82,69451
83,69230
84,68769
85,68646
86,68479
87,68185
88,67654
89,67109
90,66718
91,66710
92,66526
93,65401
94,65229
95,65029
96,64836
97,64442
98,64161
99,63994
100,63780
101,63723
102,63662
103,63313
104,63132
105,63012
106,62937
107,62863
108,62847
109,62768
110,62735
111,62626
112,62193
113,61979
114,61828
115,61582
116,61467
117,61408
118,61360
119,61125
120,61085
121,61006
122,60907
123,60603
124,59889
125,59724
126,59512
127,59337
128,59128
129,58851
130,58647
131,57096
132,56946
133,56198
134,55999
135,55535
136,55163
137,54166
138,54068
139,53492
140,53456
141,53393
142,53098
143,52536
144,52288
145,51057
146,50841
147,50697
148,50593
149,50095
150,49748
151,49589
152,47728
153,47590
154,47492
155,47459
156,47371
157,47103
158,47103
159,47023
160,46966
161,46942
162,46857
163,46788
164,46746
165,46730
166,46714
167,46662
168,46601
169,46518
170,46465
171,46437
172,46362
173,46335
174,46332
175,46329
176,46284
177,46252
178,46236
179,46236
180,46136
181,46052
182,46028
183,45941
184,45861
185,45861
186,45797
187,44817
188,44561
189,44476
190,44406
191,44386
192,44382
193,44370
194,44362
195,44358
196,44354
197,44334
198,44334
199,44296
200,44261
201,44215
202,44211
203,44195
204,44193
205,44178
206,44141
207,44141
208,44106
209,44103
210,44103
211,44097
212,44097
213,44097
214,44097
215,44060
216,44060
217,44060
218,44039
219,44039
220,43999
221,43967
222,43951
223,43930
224,43883
225,43815
226,43805
227,43794
228,43756
229,43714
230,43690
231,43634
232,43634
233,43626
234,43623
235,43608
236,43499
237,43446
238,43430
239,43394
240,43284
241,43247
242,43160
243,43110
244,43018
245,42974
246,42723
247,42706
248,42700
249,42627
250,42405
251,42351
252,42314
253,42233
254,42104
255,42061
256,42024
257,42006
258,41949
259,41925
260,41843
261,41766
262,41754
263,41736
264,41727
265,41724
266,41694
267,41682
268,41682
269,41682
270,41674
271,41674
272,41674
273,41674
274,41674
275,41658
276,41642
277,41610
278,41538
279,41534
280,41508
281,41496
282,41484
283,41475
284,41408
285,41406
286,41386
287,41363
288,41347
289,41342
290,41327
291,41317
292,41251
293,41216
294,41216
295,41215
296,41151
297,41150
298,41150
299,41102
300,41096
301,41069
302,40902
303,40872
304,40842
305,40842
306,40817
307,40721
308,40694
309,40625
310,40599
311,40519
312,40498
313,40485
314,40461
315,40460
316,40460
317,40455
318,40454
319,40421
320,40398
321,40344
322,40295
323,40181
324,40166
325,40166
326,40109
327,40106
328,40097
329,40097
330,40097
331,40040
332,40016
333,39994
334,39959
335,39885
336,39848
337,39838
338,39823
339,39742
340,39655
341,39568
342,39419
343,39385
344,39361
345,39350
346,39166
347,39160
348,39146
349,39133
350,38797
351,38639
352,38631
353,38389
354,38358
355,38328
356,38285
357,38273
358,38074
359,37904
360,37891
361,37849
362,37829
363,37809
364,37761
365,37142
366,37066
367,37062
368,37010
369,36994
370,36994
371,36946
372,36929
373,36772
374,36756
375,36733
376,36700
377,36571
378,36559
379,36469
380,36387
381,36146
382,36090
383,36008
384,35930
385,35864
386,35656
387,35434
388,35410
389,35398
390,35366
391,35336
392,35323
393,35285
394,35162
395,35135
396,35070
397,35070
398,34970
399,34970
400,34970
401,34970
402,34965
403,34965
404,34965
405,34965
406,34957
407,34952
408,34824
409,34812
410,34812
411,34812
412,34812
413,34812
414,34812
415,34812
416,34812
417,34812
418,34764
419,34764
420,34756
421,34756
422,34756
423,34745
424,34745
425,34727
426,34668
427,34512
428,34512
429,34512
430,34508
431,34508
432,34504
433,34504
434,34504
435,34504
436,34444
437,34444
438,34444
439,34432
440,34408
441,34396
442,34372
443,34372
444,34372
445,34372
446,34372
447,34372
448,34368
449,34364
450,34364
451,34360
452,34355
453,34354
454,34352
455,34352
456,34352
457,34352
458,34352
459,34352
460,34352
461,34352
462,34352
463,34352
464,34348
465,34348
466,34348
467,34339
468,34339
469,34339
470,34339
471,34335
472,34335
473,34335
474,34335
475,34335
476,34335
477,34335
478,34335
479,34335
480,34283
481,33859
482,33855
483,33855
484,33855
485,33855
486,33855
487,33855
488,33855
489,33855
490,33855
491,33855
492,33853
493,33851
494,33851
495,33851
496,33851
497,33851
498,33851
499,33851
500,33843
501,33843
502,33843
503,33773
504,33773
505,33773
506,33703
507,33703
508,33699
509,33691
510,33687
511,33687
512,33607
513,33517
514,33461
515,33453
516,33437
517,33373
518,33373
519,33369
520,33361
521,33357
522,33357
523,33301
524,33293
525,33229
526,33229
527,33229
528,33229
529,33229
530,33229
531,33229
532,33229
533,33229
534,33229
535,33227
536,33220
537,33205
538,33205
539,33205
540,33205
541,33205
542,33204
543,33195
544,33195
545,33195
546,33195
547,33195
548,33191
549,33185
550,33179
551,33161
552,33161
553,33161
554,33161
555,33161
556,33153
557,33152
558,33149
559,33137
560,33133
561,33126
562,33126
563,33122
564,33103
565,33103
566,33099
567,33099
568,33099
569,33099
570,33082
571,33065
572,33053
573,33053
574,33048
575,33048
576,33040
577,33040
578,33040
579,33040
580,33040
581,33040
582,33040
583,33028
584,33024
585,33008
586,33008
587,33008
588,33008
589,33008
590,33005
591,33005
592,33005
593,32997
594,32997
595,32989
596,32989
597,32985
598,32985
599,32971
600,32962
601,32952
602,32948
603,32943
604,32939
605,32930
606,32930
607,32929
608,32929
609,32929
610,32929
611,32729
612,32427
613,32427
614,32427
615,32292
616,32230
617,29566
618,29496
619,27091
620,27073
621,26681
622,26606
623,26400
624,26400
625,26380
626,26247
627,26846
628,26842
629,26842
630,26839
631,26667
632,26567
633,27161
634,27147
635,27082
636,26311
637,25372
638,25163
639,25155
640,25150
641,25150
642,25150
643,25150
644,25147
645,25147
646,25143
647,25143
648,25143
649,25143
650,25143
651,25142
652,25141
653,25137
654,25137
655,25087
656,25087
657,25087
658,25081
659,25071
660,25066
661,25018
662,25018
663,25010
664,25010
665,24950
666,24950
667,24935
668,24929
669,24922
670,24910
671,24899
672,24884
673,24870
674,24858
675,24838
676,24827
677,24817
678,24815
679,24809
680,24809
681,24805
682,24804
683,24801
684,24801
685,24800
686,24800
687,24798
688,24796
689,24795
690,24795
691,24788
692,24785
693,24785
694,24785
695,24785
696,24784
697,24783
698,24783
699,24780
700,24776
701,24776
702,24776
703,24775
704,24770
705,24764
706,24762
707,24762
708,24759
709,24757
710,24756
711,24755
712,24754
713,24752
714,24739
715,24719
716,24701
717,24687
718,24670
719,24637
720,24622
721,24607
722,24577
723,24562
724,24554
725,24549
726,24516
727,24503
728,24488
729,24466
730,24440
731,24419
732,24406
733,24397
734,24393
735,24379
736,24370
737,24362
738,24360
739,24356
740,24356
741,24348
742,24332
743,24322
744,24314
745,24314
746,24313
747,24313
748,24313
749,24313
750,24313
751,24313
752,24313
753,24313
754,24309
755,24305
756,24304
757,24296
758,24288
759,24288
760,24288
761,24278
762,24263
763,24263
764,24263
765,24211
766,24219
767,24219
768,24216
769,24215
770,24213
771,24213
772,24184
773,24197
774,24207
775,24189
776,24140
777,24128
778,24116
779,24086
780,24037
781,24017
782,23977
783,23947
784,23898
785,23871
786,23843
787,23592
788,23567
789,23499
790,23463
791,23427
792,23147
793,23047
794,23021
795,23066
796,23031
797,22996
798,22946
799,22923
800,21820
801,21797
802,21675
803,21650
804,21621
805,21700
806,21675
807,21648
808,21621
809,21607
810,21585
811,20172
812,20159
813,20159
814,20159
815,20158
816,20157
817,20157
818,20157
819,20157
820,20157
821,20089
822,20089
823,20089
824,20089
825,20089
826,20089
827,20089
828,20081
829,20077
830,20077
831,20077
832,20069
833,20069
834,20066
835,20066
836,20054
837,20053
838,20045
839,20040
840,20026
841,20026
842,20016
843,20016
844,19997
845,19997
846,19989
847,19985
848,19985
849,19973
850,19971
851,19971
852,19966
853,19966
854,19966
855,19966
856,19966
857,19966
858,19966
859,19966
860,19966
861,19966
862,19966
863,19962
864,19962
865,19958
866,19957
867,19957
868,19956
869,19956
870,19956
871,19956
872,19956
873,19956
874,19956
875,19954
876,19951
877,19946
878,19941
879,19940
880,19939
881,19939
882,19937
883,19932
884,19931
885,19928
886,19591
887,19590
888,19590
889,19590
890,19587
891,19587
892,19575
893,19572
894,19503
895,19499
896,19481
897,19471
898,19458
899,19456
900,19437
901,19436
902,19430
903,19427
904,19423
905,19419
906,19411
907,19403
908,19388
909,16293
910,16287
911,16279
912,16271
913,16265
914,16263
915,16261
916,16261
917,16261
918,16261
919,16261
920,16261
921,16257
922,16257
923,16257
924,16257
925,16257
926,16258
927,15840
928,15840
929,15838
930,15838
931,15838
932,15838
933,15834
934,15832
935,15832
936,15832
937,15831
938,15831
939,15831
940,15831
941,15831
942,15743
943,15743
944,15743
945,15743
946,15743
947,15743
948,15743
949,15743
950,15743
951,15743
952,15743
953,15743
954,15743
955,15743
956,15741
957,15737
958,15735
959,15735
960,15611
961,15611
962,15611
963,15611
964,15611
965,15611
966,15611
967,15611
968,15611
969,15611
970,15611
971,15611
972,15611
973,15611
974,15611
975,15611
976,15611
977,15611
978,15611
979,15611
980,15611
981,15611
982,15611
983,15611
984,15611
985,15611
986,15611
987,15611
988,15611
989,15611
990,15611
991,15611
992,15611
993,15611
994,15611
995,15611
996,15611
997,15610
998,15610
999,15610
1000,15610
1001,15610
1002,15610
1003,15610
1004,15610
1005,15608
1006,15608
1007,15608
1008,15608
1009,15608
1010,15606
1011,15606
1012,15606
1013,15606
1014,15606
1015,15604
1016,15604
1017,15604
1018,15604
1019,15604
1020,15602
1021,15602
1022,15602
1023,15602
1024,15602
1025,15602
1026,15598
1027,15596
1028,15596
1029,15596
1030,15596
1031,15596
1032,15596
1033,15596
1034,15590
1035,15590
1036,15590
1037,15590
1038,15590
1039,15590
1040,15590
1041,15588
1042,15584
1043,15584
1044,15584
1045,15584
1046,15584
1047,15584
1048,15582
1049,15580
1050,15576
1051,15575
1052,15575
1053,15567
1054,15567
1055,15567
1056,15566
1057,15562
1058,15554
1059,15548
1060,15540
1061,15534
1062,15527
1063,15527
1064,15522
1065,15522
1066,15521
1067,15514
1068,15507
1069,15501
1070,15495
1071,15484
1072,15477
1073,15471
1074,15465
1075,15459
1076,15451
1077,15445
1078,15435
1079,15425
1080,15415
1081,15404
1082,15403
1083,15402
1084,15401
1085,15400
1086,15387
1087,15387
1088,15381
1089,15381
1090,15381
1091,15381
1092,15381
1093,15381
1094,15369
1095,15349
1096,15337
1097,15325
1098,15309
1099,15309
1100,15309
1101,15309
1102,15301
1103,15301
1104,15301
1105,15301
1106,15289
1107,15276
1108,15264
1109,15246
1110,15234
1111,15220
1112,15208
1113,15196
1114,15184
1115,15172
1116,15160
1117,15148
1118,15128
1119,15108
1120,15084
1121,15084
1122,15084
1123,15084
1124,15083
1125,15066
1126,15065
1127,15062
1128,15032
1129,11444
1130,11442
1131,11442
1132,11442
1133,11438
1134,11436
1135,11427
1136,11426
1137,11413
1138,11406
1139,11400
1140,11388
1141,11350
1142,7888
1143,7887
1144,7886
1145,7885
1146,7882
1147,7880
1148,7880
1149,7880
1150,7880
1151,7876
1152,7876
1153,7845
1154,7841
1155,7836
1156,7836
1157,7836
1158,7832
1159,7829
1160,7829
1161,7825
1162,7821
1163,7817
1164,7795
1165,7795
1166,7772
1167,7770
1168,7769
1169,7765
1170,7760
1171,7755
1172,7750
1173,7749
1174,7748
1175,7747
1176,7747
1177,7747
1178,7747
1179,7747
1180,7747
1181,7747
1182,7747
1183,7747
1184,7740
1185,7740
1186,7736
1187,7732
1188,7731
1189,7702
1190,7701
1191,7691
1192,7686
1193,7682
1194,7678
1195,7674
1196,7669
1197,7637
1198,7630
1199,7613
1200,7609
1201,7605
1202,7605
1203,7605
1204,7601
1205,7598
1206,7597
1207,7597
1208,7597
1209,7597
1210,7596
1211,7594
1212,7593
1213,7591
1214,7589
1215,7587
1216,7586
1217,7586
1218,7586
1219,7582
1220,7582
1221,7582
1222,7582
1223,7582
1224,7582
1225,7582
1226,7582
1227,7578
1228,7578
1229,7578
1230,7578
1231,7574
1232,7574
1233,7574
1234,7574
1235,7570
1236,7565
1237,7564
1238,7559
1239,7554
1240,7548
1241,7546
1242,7545
1243,7540
1244,7540
1245,7539
1246,7538
1247,7538
1248,7538
1249,7537
1250,7537
1251,7529
1252,7529
1253,7529
1254,7529
1255,7529
1256,7522
1257,7499
1258,7499
1259,7499
1260,7499
1261,7499
1262,7499
1263,7499
1264,7499
1265,7474
1266,7474
1267,7474
1268,7474
1269,7474
1270,7474
1271,7474
1272,7474
1273,7474
1274,7474
1275,7474
1276,7474
1277,7474
1278,7474
1279,7474
1280,7474
1281,7474
1282,7474
1283,7474
1284,7474
1285,7474
1286,7474
1287,7474
1288,7474
1289,7474
1290,7474
1291,7473
1292,7473
1293,7473
1294,7473
1295,7473
1296,7473
1297,7473
1298,7472
1299,7472
1300,7472
1301,7472
1302,7472
1303,7472
1304,7472
1305,7472
1306,7471
1307,7471
1308,7471
1309,7471
1310,7471
1311,7471
1312,7471
1313,7471
1314,7470
1315,7470
1316,7470
1317,7446
1318,7446
1319,7446
1320,7446
1321,7446
1322,7445
1323,7445
1324,7445
1325,7445
1326,7445
1327,7445
1328,7445
1329,7445
1330,7445
1331,7445
1332,7445
1333,7445
1334,7445
1335,7445
1336,7445
1337,7445
1338,7445
1339,7445
1340,7443
1341,7440
1342,7438
1343,7438
1344,7434
1345,7432
1346,7432
1347,7432
1348,7432
1349,7432
1350,7432
1351,7432
1352,7432
1353,7432
1354,7432
1355,7432
1356,7432
1357,7432
1358,7432
1359,7432
1360,7432
1361,7432
1362,7432
1363,7432
1364,7432
1365,7432
1366,7432
1367,7432
1368,7432
1369,7432
1370,7432
1371,7432
1372,7432
1373,7432
1374,7432
1375,7432
1376,7432
1377,7432
1378,7432
1379,7432
1380,7432
1381,7432
1382,7432
1383,7432
1384,7432
1385,7432
1386,7432
1387,7432
1388,7432
1389,7432
1390,7432
1391,7432
1392,7432
1393,7432
1394,7432
1395,7432
1396,7432
1397,7432
1398,7432
1399,7432
1400,7432
1401,7432
1402,7432
1403,7431
1404,7431
1405,7431
1406,7429
1407,7428
1408,7428
1409,7428
1410,7428
1411,7428
1412,7428
1413,7428
1414,7428
1415,7428
1416,7428
1417,7428
1418,7428
1419,7428
1420,7428
1421,7428
1422,7428
1423,7428
1424,7428
1425,7428
1426,7428
1427,7428
1428,7428
1429,7428
1430,7428
1431,7428
1432,7428
1433,7428
1434,7428
1435,7428
1436,7428
1437,7428
1438,7428
1439,7428
1440,7428
1441,7428
1442,7428
1443,7428
1444,7428
1445,7427
1446,7427
1447,7427
1448,7427
1449,7427
1450,7427
1451,7427
1452,7427
1453,7427
1454,7427
1455,7427
1456,7427
1457,7427
1458,7427
1459,7427
1460,7427
1461,7427
1462,7427
1463,7427
1464,7427
1465,7427
1466,7427
1467,7427
1468,7427
1469,7427
1470,7427
1471,7427
1472,7427
1473,7427
1474,7427
1475,7427
1476,7427
1477,7427
1478,7427
1479,7427
1480,7427
1481,7427
1482,7427
1483,7427
1484,7427
1485,7427
1486,7427
1487,7427
1488,7427
1489,7427
1490,7427
1491,7427
1492,7427
1493,7427
1494,7425
1495,7424
1496,7423
1497,7423
1498,7423
1499,7423
1500,7423
1501,7423
1502,7423
1503,7423
1504,7423
1505,7423
1506,7423
1507,7423
1508,7423
1509,7423
1510,7423
1511,7423
1512,7423
1513,7423
1514,7423
1515,7423
1516,7423
1517,7423
1518,7423
1519,7423
1520,7423
1521,7423
1522,7423
1523,7423
1524,7423
1525,7423
1526,7423
1527,7423
1528,7423
1529,7423
1530,7423
1531,7423
1532,7423
1533,7423
1534,7423
1535,7423
1536,7412
1537,7412
1538,7412
1539,7412
1540,7390
1541,7390
1542,7390
1543,7390
1544,7390
1545,7370
1546,7370
1547,7370
1548,7370
1549,7370
1550,7370
1551,7370
1552,7370
1553,7370
1554,7370
1555,7370
1556,7370
1557,7370
1558,7369
1559,7368
1560,7366
1561,7365
1562,7363
1563,7362
1564,7362
1565,7362
1566,7362
1567,7361
1568,7361
1569,7354
1570,7351
1571,7351
1572,7351
1573,7351
1574,7351
1575,7351
1576,7351
1577,7351
1578,7349
1579,7347
1580,7347
1581,7347
1582,7347
1583,7347
1584,7347
1585,7347
1586,7347
1587,7347
1588,7347
1589,7347
1590,7347
1591,7347
1592,7347
1593,7347
1594,7347
1595,7347
1596,7347
1597,7347
1598,7347
1599,7347
1600,7347
1601,7347
1602,7347
1603,7347
1604,7347
1605,7347
1606,7347
1607,7347
1608,7347
1609,7346
1610,7344
1611,7343
1612,7343
1613,7341
1614,7339
1615,7339
1616,7338
1617,7337
1618,7336
1619,7327
1620,7319
1621,7317
1622,7317
1623,7317
1624,7317
1625,7315
1626,7313
1627,7310
1628,7308
1629,7305
1630,7303
1631,7303
1632,7303
1633,7303
1634,7303
1635,7303
1636,7303
1637,7303
1638,7303
1639,7303
1640,7303
1641,7303
1642,7303
1643,7303
1644,7303
1645,7303
1646,7303
1647,7303
1648,7303
1649,7303
1650,7303
1651,7301
1652,7300
1653,7300
1654,7299
1655,7297
1656,7297
1657,7296
1658,7296
1659,7296
1660,7290
1661,7282
1662,7278
1663,7278
1664,7278
1665,7278
1666,7278
1667,7278
1668,7278
1669,7278
1670,7278
1671,7278
1672,7274
1673,7272
1674,7272
1675,7272
1676,7272
1677,7272
1678,7270
1679,7268
1680,7266
1681,7266
1682,7266
1683,7266
1684,7266
1685,7266
1686,7266
1687,7266
1688,7266
1689,7266
1690,7266
1691,7266
1692,7266
1693,7266
1694,7266
1695,7266
1696,7266
1697,7266
1698,7266
1699,7266
1700,7266
1701,7266
1702,7265
1703,7263
1704,7263
1705,7263
1706,7263
1707,7261
1708,7259
1709,7255
1710,7255
1711,7255
1712,7253
1713,7253
1714,7251
1715,7251
1716,7248
1717,7246
1718,7245
1719,7243
1720,7243
1721,7243
1722,7243
1723,7243
1724,7243
1725,7243
1726,7243
1727,7243
1728,7243
1729,7235
1730,7233
1731,7233
1732,7233
1733,7225
1734,7225
1735,7224
1736,7223
1737,7223
1738,7223
1739,7223
1740,7223
1741,7224
1742,7224
1743,7224
1744,7224
1745,7223
1746,7214
1747,7214
1748,7214
1749,7214
1750,7214
1751,7214
1752,7214
1753,7213
1754,7213
1755,7213
1756,7213
1757,7214
1758,7214
1759,7214
1760,7214
1761,7214
1762,7213
1763,7215
1764,7215
1765,7215
1766,7215
1767,7215
1768,7216
1769,7216
1770,7216
1771,7216
1772,7216
1773,7216
1774,7215
1775,7214
1776,7214
1777,7214
1778,7214
1779,7214
1780,7214
1781,7214
1782,7213
1783,7212
1784,7212
1785,7212
1786,7212
1787,7212
1788,7212
1789,7212
1790,7212
1791,7212
1792,7212
1793,7212
1794,7212
1795,7212
1796,7212
1797,7212
1798,7204
1799,7204
1800,7204
1801,7204
1802,7196
1803,7196
1804,7195
1805,7195
1806,7195
1807,7194
1808,7194
1809,7194
1810,7194
1811,7194
1812,7186
1813,7186
1814,7186
1815,7186
1816,7186
1817,7186
1818,7186
1819,7186
1820,7186
1821,7186
1822,7186
1823,7186
1824,7186
1825,7185
1826,7185
1827,7185
1828,7184
1829,7184
1830,7184
1831,7184
1832,7184
1833,7184
1834,7184
1835,7184
1836,7184
1837,7184
1838,7183
1839,7183
1840,7183
1841,7183
1842,7183
1843,7183
1844,7183
1845,7183
1846,7183
1847,7183
1848,7183
1849,7181
1850,7180
1851,7181
1852,7180
1853,7179
1854,7175
1855,7175
1856,7175
1857,7175
1858,7175
1859,7175
1860,7175
1861,7175
1862,7175
1863,7175
1864,7175
1865,7175
1866,7175
1867,7175
1868,7175
1869,7175
1870,7175
1871,7175
1872,7174
1873,7174
1874,7174
1875,7174
1876,7172
1877,7172
1878,7172
1879,7172
1880,7170
1881,7170
1882,7170
1883,7170
1884,7170
1885,7170
1886,7170
1887,7170
1888,7169
1889,7168
1890,7166
1891,7160
1892,7158
1893,7156
1894,7154
1895,7153
1896,7149
1897,7147
1898,7145
1899,7144
1900,7143
1901,7142
1902,7142
1903,7141
1904,7139
1905,7138
1906,7137
1907,7137
1908,7137
1909,7136
1910,7136
1911,7136
1912,7136
1913,7135
1914,7122
1915,7122
1916,7122
1917,7094
1918,7084
1919,7084
1920,7022
1921,7022
1922,7006
1923,7006
1924,7006
1925,7006
1926,7006
1927,7006
1928,7006
1929,7005
1930,6994
1931,6994
1932,6982
1933,6981
1934,6958
1935,6956
1936,6956
1937,6956
1938,6953
1939,6951
1940,6949
1941,6949
1942,6925
1943,6921
1944,6918
1945,6917
1946,6914
1947,6912
1948,6910
1949,6907
1950,6885
1951,6883
1952,6883
1953,6881
1954,6879
1955,6879
1956,6877
1957,6877
1958,6843
1959,6843
1960,6843
1961,6841
1962,6839
1963,6839
1964,6836
1965,6836
1966,6836
1967,6835
1968,6834
1969,6842
1970,6833
1971,6829
1972,6829
1973,6829
1974,6829
1975,6829
1976,6827
1977,6827
1978,6832
1979,6832
1980,6832
1981,6832
1982,6826
1983,6824
1984,6821
1985,6821
1986,6821
1987,6819
1988,6815
1989,6815
1990,6809
1991,6809
1992,6807
1993,6805
1994,6802
1995,6802
1996,6797
1997,6796
1998,6796
1999,6796
2000,6794
2001,6794
2002,6793
2003,6787
2004,6780
2005,6778
2006,6772
2007,6764
2008,6765
2009,6763
2010,6762
2011,6757
2012,6764
2013,6788
2014,6786
2015,6785
2016,6784
2017,6803
2018,6887
2019,6882
2020,6875
2021,6874
2022,6893
2023,6886
2024,6881
2025,6880
2026,6901
2027,6894
2028,6891
2029,6889
2030,6889
2031,6887
2032,6885
2033,6885
2034,6885
2035,6885
2036,6884
2037,6884
2038,6881
2039,6880
2040,6876
2041,6874
2042,6874
2043,6872
2044,6872
2045,6839
2046,6838
2047,6835
2048,6832
2049,6829
2050,6824
2051,6820
2052,6820
2053,6819
2054,6815
2055,6813
2056,6812
2057,6810
2058,6808
2059,6804
2060,6804
2061,6803
2062,6803
2063,6803
2064,6801
2065,6798
2066,6795
2067,6791
2068,6790
2069,6785
2070,6783
2071,6782
2072,6774
2073,6771
2074,6771
2075,6764
2076,6764
2077,6764
2078,6761
2079,6758
2080,6754
2081,6749
2082,6745
2083,6743
2084,6740
2085,6737
2086,6734
2087,6732
2088,6730
2089,6728
2090,6726
2091,6724
2092,6720
2093,6717
2094,5782
2095,5773
2096,5768
2097,5763
2098,5759
2099,5754
2100,5753
2101,5753
2102,5753
2103,5751
2104,5749
2105,5749
2106,5749
2107,5749
2108,5749
2109,5749
2110,5749
2111,5747
2112,5747
2113,5749
2114,5747
2115,5745
2116,5747
2117,5747
2118,5747
2119,5743
2120,5735
2121,5726
2122,5723
2123,5723
2124,5723
2125,5725
2126,5725
2127,5725
2128,5723
2129,5721
2130,5719
2131,5717
2132,5715
2133,5713
2134,5711
2135,5709
2136,5707
2137,5705
2138,5705
2139,5703
2140,5691
2141,5633
2142,5630
2143,5627
2144,5625
2145,5622
2146,5619
2147,5614
2148,5602
2149,5600
2150,5596
2151,5591
2152,5588
2153,5586
2154,5586
2155,5583
2156,5573
2157,5573
2158,5573
2159,5573
2160,5573
2161,5573
2162,5573
2163,5572
2164,5572
2165,5572
2166,5570
2167,5569
2168,5569
2169,5569
2170,5569
2171,5569
2172,5569
2173,5567
2174,5567
2175,5567
2176,5567
2177,5566
2178,5566
2179,5565
2180,5565
2181,5564
2182,5564
2183,5563
2184,5563
2185,5563
2186,5562
2187,5561
2188,5559
2189,5558
2190,5557
2191,5556
2192,5556
2193,5556
2194,5556
2195,5556
2196,5556
2197,5555
2198,5555
2199,5552
2200,5551
2201,5551
2202,5551
2203,5551
2204,5551
2205,5551
2206,5551
2207,5551
2208,5551
2209,5551
2210,5551
2211,5551
2212,5551
2213,5551
2214,5551
2215,5551
2216,5551
2217,5551
2218,5551
2219,5551
2220,5551
2221,5551
2222,5551
2223,5551
2224,5551
2225,5551
2226,5551
2227,5551
2228,5551
2229,5551
2230,5551
2231,5551
2232,5551
2233,5551
2234,5551
2235,5551
2236,5551
2237,5551
2238,5551
2239,5551
2240,5551
2241,5551
2242,5551
2243,5551
2244,5551
2245,5551
2246,5551
2247,5551
2248,5551
2249,5551
2250,5551
2251,5551
2252,5551
2253,5551
2254,5549
2255,5548
2256,5547
2257,5547
2258,5547
2259,5547
2260,5547
2261,5547
2262,5547
2263,5547
2264,5547
2265,5547
2266,5547
2267,5547
2268,5547
2269,5547
2270,5547
2271,5547
2272,5547
2273,5547
2274,5547
2275,5547
2276,5547
2277,5547
2278,5547
2279,5547
2280,5547
2281,5547
2282,5547
2283,5547
2284,5547
2285,5547
2286,5547
2287,5547
2288,5547
2289,5547
2290,5547
2291,5547
2292,5547
2293,5547
2294,5547
2295,5547
2296,5547
2297,5547
2298,5547
2299,5547
2300,5545
2301,5545
2302,5545
2303,5545
2304,5545
2305,5545
2306,5545
2307,5545
2308,5545
2309,5545
2310,5545
2311,5545
2312,5545
2313,5545
2314,5545
2315,5545
2316,5545
2317,5545
2318,5545
2319,5545
2320,5545
2321,5545
2322,5544
2323,5544
2324,5544
2325,5544
2326,5544
2327,5544
2328,5544
2329,5544
2330,5544
2331,5544
2332,5544
2333,5544
2334,5544
2335,5541
2336,5540
2337,5540
2338,5540
2339,5540
2340,5540
2341,5540
2342,5540
2343,5540
2344,5540
2345,5540
2346,5540
2347,5540
2348,5540
2349,5540
2350,5540
2351,5540
2352,5540
2353,5540
2354,5540
2355,5540
2356,5540
2357,5540
2358,5540
2359,5540
2360,5540
2361,5540
2362,5540
2363,5540
2364,5540
2365,5540
2366,5540
2367,5540
2368,5540
2369,5540
2370,5540
2371,5540
2372,5540
2373,5540
2374,5540
2375,5540
2376,5540
2377,5540
2378,5540
2379,5540
2380,5540
2381,5540
2382,5540
2383,5540
2384,5540
2385,5540
2386,5540
2387,5540
2388,5540
2389,5540
2390,5540
2391,5540
2392,5539
2393,5538
2394,5536
2395,5534
2396,5532
2397,5530
2398,5530
2399,5528
2400,5528
2401,5528
2402,5528
2403,5528
2404,5528
2405,5528
2406,5528
2407,5528
2408,5528
2409,5528
2410,5528
2411,5528
2412,5528
2413,5528
2414,5528
2415,5528
2416,5528
2417,5528
2418,5528
2419,5528
2420,5528
2421,5528
2422,5528
2423,5528
2424,5528
2425,5528
2426,5527
2427,5527
2428,5527
2429,5527
2430,5527
2431,5527
2432,5527
2433,5527
2434,5527
2435,5527
2436,5527
2437,5527
2438,5527
2439,5527
2440,5527
2441,5527
2442,5527
2443,5527
2444,5527
2445,5527
2446,5527
2447,5527
2448,5527
2449,5527
2450,5527
2451,5527
2452,5527
2453,5527
2454,5527
2455,5527
2456,5527
2457,5527
2458,5527
2459,5527
2460,5527
2461,5527
2462,5527
2463,5527
2464,5527
2465,5527
2466,5527
2467,5527
2468,5527
2469,5527
2470,5527
2471,5527
2472,5527
2473,5527
2474,5527
2475,5527
2476,5527
2477,5527
2478,5527
2479,5527
2480,5527
2481,5527
2482,5527
2483,5527
2484,5527
2485,5527
2486,5527
2487,5526
2488,5526
2489,5526
2490,5526
2491,5526
2492,5526
2493,5526
2494,5526
2495,5526
2496,5526
2497,5526
2498,5526
2499,5526
2500,5526
2501,5526
2502,5526
2503,5526
2504,5526
2505,5526
2506,5526
2507,5526
2508,5526
2509,5526
2510,5526
2511,5526
2512,5526
2513,5526
2514,5526
2515,5526
2516,5526
2517,5526
2518,5526
2519,5526
2520,5526
2521,5526
2522,5526
2523,5526
2524,5526
2525,5526
2526,5526
2527,5526
2528,5526
2529,5526
2530,5526
2531,5526
2532,5526
2533,5526
2534,5526
2535,5526
2536,5526
2537,5526
2538,5526
2539,5526
2540,5526
2541,5526
2542,5526
2543,5526
2544,5526
2545,5526
2546,5526
2547,5526
2548,5526
2549,5526
2550,5526
2551,5526
2552,5526
2553,5526
2554,5526
2555,5526
2556,5526
2557,5526
2558,5526
2559,5526
2560,5526
2561,5526
2562,5526
2563,5526
2564,5526
2565,5526
2566,5526
2567,5526
2568,5526
2569,5526
2570,5526
2571,5526
2572,5526
2573,5526
2574,5526
2575,5526
2576,5526
2577,5526
2578,5526
2579,5526
2580,5526
2581,5526
2582,5526
2583,5526
2584,5526
2585,5526
2586,5526
2587,5526
2588,5526
2589,5526
2590,5526
2591,5526
2592,5526
2593,5526
2594,5526
2595,5526
2596,5526
2597,5526
2598,5526
2599,5526
2600,5526
2601,5526
2602,5526
2603,5526
2604,5526
2605,5526
2606,5526
2607,5526
2608,5526
2609,5526
2610,5526
2611,5526
2612,5526
2613,5526
2614,5526
2615,5526
2616,5525
2617,5524
2618,5523
2619,5523
2620,5523
2621,5523
2622,5523
2623,5523
2624,5523
2625,5523
2626,5523
2627,5523
2628,5523
2629,5520
2630,5520
2631,5517
2632,5517
2633,5507
2634,5506
2635,5506
2636,5502
2637,5501
2638,5500
2639,5499
2640,5497
2641,5497
2642,5496
2643,5496
2644,5496
2645,5496
2646,5495
2647,5488
2648,5481
2649,5479
2650,5467
2651,5465
2652,5453
2653,5452
2654,5452
2655,5451
2656,5450
2657,5450
2658,5450
2659,5449
2660,5448
2661,5441
2662,5432
2663,5426
2664,5424
2665,5419
2666,5415
2667,5404
2668,5400
2669,5382
2670,5365
2671,5363
2672,5346
2673,5332
2674,5328
2675,5324
2676,5324
2677,5324
2678,5323
2679,5323
2680,5323
2681,5323
2682,5323
2683,5323
2684,5323
2685,5323
2686,5323
2687,5323
2688,5323
2689,5323
2690,5323
2691,5321
2692,5319
2693,5317
2694,5315
2695,5313
2696,5311
2697,5309
2698,5307
2699,5305
2700,5303
2701,5301
2702,5299
2703,5296
2704,5293
2705,5277
2706,5271
2707,5265
2708,5258
2709,5258
2710,5258
2711,5258
2712,5258
2713,5258
2714,5252
2715,5246
2716,5240
2717,5238
2718,5232
2719,5226
2720,5220
2721,5218
2722,5212
2723,5206
2724,5204
2725,5198
2726,5194
2727,5186
2728,5182
2729,5182
2730,5182
2731,5182
2732,5182
2733,5182
2734,5182
2735,5182
2736,5182
2737,5182
2738,5182
2739,5182
2740,5176
2741,5170
2742,5164
2743,5162
2744,5158
2745,5152
2746,5146
2747,5144
2748,5140
2749,5132
2750,5130
2751,5126
2752,5123
2753,5118
2754,4869
2755,4833
2756,4821
2757,4820
2758,4819
2759,4818
2760,4817
2761,4815
2762,4815
2763,4813
2764,4813
2765,4813
2766,4809
2767,4809
2768,4809
2769,4809
2770,4809
2771,4809
2772,4807
2773,4807
2774,4805
2775,4805
2776,4803
2777,4803
2778,4803
2779,4801
2780,4801
2781,4801
2782,4801
2783,4801
2784,4801
2785,4801
2786,4801
2787,4799
2788,4799
2789,4797
2790,4796
2791,4796
2792,4794
2793,4794
2794,4794
2795,4793
2796,4792
2797,4792
2798,4791
2799,4786
2800,4781
2801,4781
2802,4779
2803,4775
2804,4775
2805,4774
2806,4770
2807,4770
2808,4766
2809,4763
2810,4761
2811,4754
2812,4754
2813,4754
2814,4754
2815,4752
2816,4750
2817,4747
2818,4740
2819,4738
2820,4675
2821,4674
2822,4673
2823,4633
2824,4630
2825,4630
2826,4629
2827,4623
2828,4622
2829,4615
2830,4612
2831,4599
2832,4597
2833,4596
2834,4592
2835,4589
2836,4589
2837,4587
2838,4587
2839,4583
2840,4583
2841,4579
2842,4577
2843,4576
2844,4575
2845,4570
2846,4570
2847,4565
2848,4561
2849,4559
2850,4557
2851,4554
2852,4553
2853,4545
2854,4542
2855,4542
2856,4541
2857,4538
2858,4538
2859,4535
2860,4535
2861,4529
2862,4528
2863,4528
2864,4528
2865,4528
2866,4525
2867,4525
2868,4523
2869,4515
2870,4513
2871,4512
2872,4508
2873,4506
2874,4505
2875,4505
2876,4504
2877,4503
2878,4502
2879,4443
2880,4440
2881,4440
2882,4439
2883,4439
2884,4439
2885,4438
2886,4434
2887,4434
2888,4434
2889,4434
2890,4433
2891,4433
2892,4430
2893,4430
2894,4430
2895,4430
2896,4429
2897,4429
2898,4429
2899,4429
2900,4428
2901,4428
2902,4428
2903,4428
2904,4427
2905,4427
2906,4427
2907,4427
2908,4426
2909,4426
2910,4426
2911,4426
2912,4425
2913,4425
2914,4425
2915,4425
2916,4424
2917,4424
2918,4422
2919,4422
2920,4412
2921,4412
2922,4412
2923,4411
2924,4405
2925,4403
2926,4398
2927,4398
2928,4398
2929,4398
2930,4393
2931,4393
2932,4390
2933,4390
2934,4387
2935,4387
2936,4387
2937,4387
2938,4386
2939,4386
2940,4386
2941,4386
2942,4386
2943,4386
2944,4386
2945,4386
2946,4386
2947,4386
2948,4386
2949,4386
2950,4386
2951,4386
2952,4386
2953,4386
2954,4386
2955,4386
2956,4386
2957,4386
2958,4386
2959,4386
2960,4386
2961,4386
2962,4386
2963,4386
2964,4386
2965,4386
2966,4386
2967,4386
2968,4386
2969,4386
2970,4386
2971,4386
2972,4386
2973,4386
2974,4386
2975,4386
2976,4386
2977,4386
2978,4386
2979,4386
2980,4386
2981,4386
2982,4386
2983,4386
2984,4386
2985,4386
2986,4386
2987,4386
2988,4386
2989,4386
2990,4386
2991,4386
2992,4386
2993,4386
2994,4386
2995,4386
2996,4386
2997,4386
2998,4386
2999,4386
3000,4386
3001,4386
3002,4386
3003,4386
3004,4386
3005,4386
3006,4386
3007,4386
3008,4386
3009,4386
3010,4386
3011,4386
3012,4386
3013,4386
3014,4386
3015,4386
3016,4386
3017,4386
3018,4386
3019,4386
3020,4386
3021,4386
3022,4386
3023,4386
3024,4386
3025,4386
3026,4386
3027,4386
3028,4386
3029,4386
3030,4386
3031,4386
3032,4386
3033,4386
3034,4386
3035,4386
3036,4386
3037,4386
3038,4386
3039,4386
3040,4386
3041,4386
3042,4386
3043,4386
3044,4386
3045,4386
3046,4386
3047,4386
3048,4386
3049,4386
3050,4386
3051,4386
3052,4386
3053,4386
3054,4386
3055,4386
3056,4386
3057,4386
3058,4386
3059,4386
3060,4386
3061,4386
3062,4381
3063,4381
3064,4381
3065,4381
3066,4380
3067,4380
3068,4380
3069,4380
3070,4380
3071,4378
3072,4378
3073,4378
3074,4378
3075,4378
3076,4376
3077,4376
3078,4376
3079,4376
3080,4376
3081,4376
3082,4376
3083,4376
3084,4376
3085,4376
3086,4376
3087,4376
3088,4376
3089,4376
3090,4376
3091,4376
3092,4376
3093,4376
3094,4376
3095,4376
3096,4376
3097,4376
3098,4376
3099,4376
3100,4376
3101,4376
3102,4376
3103,4376
3104,4376
3105,4376
3106,4376
3107,4376
3108,4376
3109,4376
3110,4376
3111,4376
3112,4376
3113,4376
3114,4376
3115,4376
3116,4376
3117,4376
3118,4376
3119,4376
3120,4376
3121,4376
3122,4376
3123,4376
3124,4376
3125,4376
3126,4376
3127,4376
3128,4376
3129,4376
3130,4376
3131,4376
3132,4376
3133,4376
3134,4376
3135,4376
3136,4376
3137,4376
3138,4376
3139,4376
3140,4376
3141,4376
3142,4376
3143,4376
3144,4376
3145,4376
3146,4376
3147,4376
3148,4376
3149,4376
3150,4376
3151,4376
3152,4376
3153,4376
3154,4376
3155,4376
3156,4376
3157,4376
3158,4376
3159,4376
3160,4376
3161,4376
3162,4376
3163,4376
3164,4376
3165,4376
3166,4376
3167,4376
3168,4376
3169,4376
3170,4376
3171,4376
3172,4376
3173,4376
3174,4376
3175,4376
3176,4376
3177,4376
3178,4376
3179,4376
3180,4376
3181,4376
3182,4376
3183,4376
3184,4376
3185,4376
3186,4376
3187,4376
3188,4376
3189,4376
3190,4376
3191,4376
3192,4376
3193,4376
3194,4376
3195,4376
3196,4376
3197,4376
3198,4376
3199,4376
3200,4376
3201,4376
3202,4376
3203,4376
3204,4376
3205,4376
3206,4376
3207,4376
3208,4376
3209,4376
3210,4376
3211,4376
3212,4376
3213,4376
3214,4376
3215,4376
3216,4376
3217,4376
3218,4376
3219,4376
3220,4376
3221,4376
3222,4376
3223,4376
3224,4376
3225,4376
3226,4376
3227,4376
3228,4376
3229,4376
3230,4376
3231,4376
3232,4376
3233,4376
3234,4376
3235,4376
3236,4376
3237,4376
3238,4376
3239,4376
3240,4376
3241,4376
3242,4376
3243,4376
3244,4376
3245,4376
3246,4376
3247,4376
3248,4376
3249,4376
3250,4376
3251,4376
3252,4376
3253,4376
3254,4376
3255,4376
3256,4376
3257,4376
3258,4376
3259,4376
3260,4376
3261,4376
3262,4376
3263,4376
3264,4376
3265,4376
3266,4376
3267,4376
3268,4376
3269,4376
3270,4376
3271,4376
3272,4376
3273,4376
3274,4376
3275,4376
3276,4376
3277,4376
3278,4376
3279,4376
3280,4376
3281,4376
3282,4376
3283,4376
3284,4376
3285,4376
3286,4376
3287,4376
3288,4376
3289,4376
3290,4376
3291,4376
3292,4376
3293,4376
3294,4376
3295,4376
3296,4376
3297,4376
3298,4376
3299,4376
3300,4376
3301,4376
3302,4376
3303,4376
3304,4376
3305,4376
3306,4376
3307,4376
3308,4376
3309,4376
3310,4376
3311,4376
3312,4376
3313,4376
3314,4376
3315,4376
3316,4376
3317,4376
3318,4376
3319,4376
3320,4376
3321,4376
3322,4376
3323,4376
3324,4376
3325,4376
3326,4376
3327,4376
3328,4376
3329,4376
3330,4376
3331,4376
3332,4376
3333,4376
3334,4376
3335,4376
3336,4376
3337,4376
3338,4376
3339,4376
3340,4376
3341,4376
3342,4376
3343,4376
3344,4376
3345,4376
3346,4376
3347,4376
3348,4376
3349,4376
3350,4376
3351,4376
3352,4376
3353,4376
3354,4376
3355,4376
3356,4376
3357,4376
3358,4376
3359,4376
3360,4376
3361,4376
3362,4376
3363,4376
3364,4376
3365,4376
3366,4376
3367,4376
3368,4376
3369,4376
3370,4376
3371,4376
3372,4376
3373,4376
3374,4376
3375,4376
3376,4376
3377,4376
3378,4376
3379,4376
3380,4376
3381,4376
3382,4376
3383,4376
3384,4376
3385,4376
3386,4376
3387,4376
3388,4376
3389,4376
3390,4376
3391,4376
3392,4376
3393,4376
3394,4376
3395,4376
3396,4376
3397,4376
3398,4376
3399,4376
3400,4376
3401,4376
3402,4376
3403,4376
3404,4376
3405,4376
3406,4376
3407,4376
3408,4376
3409,4376
3410,4376
3411,4376
3412,4376
3413,4376
3414,4376
3415,4376
3416,4376
3417,4376
3418,4375
3419,4375
3420,4375
3421,4375
3422,4375
3423,4375
3424,4369
3425,4369
3426,4369
3427,4369
3428,4369
3429,4369
3430,4369
3431,4369
3432,4369
3433,4369
3434,4369
3435,4369
3436,4369
3437,4369
3438,4369
3439,4369
3440,4369
3441,4369
3442,4369
3443,4369
3444,4369
3445,4369
3446,4369
3447,4369
3448,4369
3449,4369
3450,4367
3451,4367
3452,4367
3453,4367
3454,4367
3455,4367
3456,4367
3457,4367
3458,4367
3459,4367
3460,4367
3461,4367
3462,4367
3463,4367
3464,4367
3465,4367
3466,4367
3467,4367
3468,4367
3469,4367
3470,4367
3471,4367
3472,4367
3473,4367
3474,4367
3475,4367
3476,4367
3477,4367
3478,4367
3479,4367
3480,4367
3481,4367
3482,4367
3483,4367
3484,4367
3485,4367
3486,4367
3487,4367
3488,4367
3489,4367
3490,4367
3491,4367
3492,4367
3493,4367
3494,4367
3495,4367
3496,4367
3497,4367
3498,4367
3499,4367
3500,4367
3501,4367
3502,4367
3503,4367
3504,4367
3505,4367
3506,4367
3507,4367
3508,4367
3509,4367
3510,4367
3511,4367
3512,4367
3513,4367
3514,4367
3515,4367
3516,4367
3517,4367
3518,4367
3519,4367
3520,4367
3521,4367
3522,4367
3523,4367
3524,4367
3525,4367
3526,4366
3527,4366
3528,4366
3529,4366
3530,4366
3531,4366
3532,4365
3533,4364
3534,4364
3535,4364
3536,4364
3537,4364
3538,4364
3539,4364
3540,4364
3541,4364
3542,4364
3543,4364
3544,4364
3545,4364
3546,4364
3547,4364
3548,4364
3549,4364
3550,4364
3551,4364
3552,4364
3553,4364
3554,4364
3555,4364
3556,4364
3557,4364
3558,4364
3559,4364
3560,4364
3561,4364
3562,4364
3563,4364
3564,4364
3565,4364
3566,4364
3567,4364
3568,4364
3569,4364
3570,4364
3571,4364
3572,4364
3573,4364
3574,4364
3575,4364
3576,4364
3577,4364
3578,4364
3579,4364
3580,4364
3581,4364
3582,4364
3583,4364
3584,4364
3585,4364
3586,4364
3587,4364
3588,4364
3589,4364
3590,4364
3591,4364
3592,4364
3593,4364
3594,4364
3595,4364
3596,4364
3597,4364
3598,4364
3599,4364
3600,4364
3601,4364
3602,4364
3603,4364
3604,4364
3605,4364
3606,4364
3607,4364
3608,4364
3609,4364
3610,4364
3611,4364
3612,4364
3613,4364
3614,4364
3615,4364
3616,4364
3617,4364
3618,4364
3619,4364
3620,4364
3621,4364
3622,4364
3623,4364
3624,4364
3625,4364
3626,4364
3627,4364
3628,4364
3629,4364
3630,4364
3631,4364
3632,4364
3633,4364
3634,4364
3635,4364
3636,4364
3637,4364
3638,4364
3639,4364
3640,4364
3641,4364
3642,4363
3643,4362
3644,4362
3645,4362
3646,4362
3647,4362
3648,4360
3649,4360
3650,4360
3651,4360
3652,4360
3653,4360
3654,4360
3655,4360
3656,4360
3657,4346
3658,4346
3659,4346
3660,4346
3661,4346
3662,4346
3663,4346
3664,4346
3665,4346
3666,4346
3667,4346
3668,4346
3669,4346
3670,4346
3671,4346
3672,4346
3673,4346
3674,4346
3675,4346
3676,4346
3677,4346
3678,4346
3679,4346
3680,4346
3681,4346
3682,4346
3683,4346
3684,4346
3685,4346
3686,4345
3687,4345
3688,4345
3689,4345
3690,4345
3691,4345
3692,4345
3693,4345
3694,4345
3695,4345
3696,4345
3697,4345
3698,4345
3699,4345
3700,4345
3701,4345
3702,4345
3703,4345
3704,4345
3705,4345
3706,4345
3707,4344
3708,4344
3709,4344
3710,4344
3711,4344
3712,4344
3713,4344
3714,4344
3715,4344
3716,4344
3717,4344
3718,4344
3719,4344
3720,4344
3721,4344
3722,4344
3723,4344
3724,4344
3725,4344
3726,4344
3727,4344
3728,4344
3729,4344
3730,4344
3731,4344
3732,4344
3733,4344
3734,4344
3735,4344
3736,4344
3737,4344
3738,4344
3739,4344
3740,4344
3741,4344
3742,4344
3743,4344
3744,4344
3745,4344
3746,4344
3747,4344
3748,4344
3749,4344
3750,4344
3751,4344
3752,4344
3753,4344
3754,4344
3755,4344
3756,4344
3757,4344
3758,4344
3759,4344
3760,4344
3761,4344
3762,4344
3763,4344
3764,4344
3765,4344
3766,4343
3767,4343
3768,4343
3769,4343
3770,4343
3771,4342
3772,4342
3773,4342
3774,4342
3775,4342
3776,4341
3777,4341
3778,4341
3779,4341
3780,4341
3781,4340
3782,4340
3783,4340
3784,4340
3785,4340
3786,4339
3787,4339
3788,4339
3789,4339
3790,4339
3791,4338
3792,4338
3793,4338
3794,4338
3795,4338
3796,4337
3797,4337
3798,4337
3799,4337
3800,4337
3801,4337
3802,4337
3803,4337
3804,4337
3805,4337
3806,4337
3807,4337
3808,4337
3809,4337
3810,4337
3811,4337
3812,4337
3813,4337
3814,4337
3815,4337
3816,4337
3817,4337
3818,4337
3819,4337
3820,4337
3821,4337
3822,4337
3823,4337
3824,4337
3825,4337
3826,4337
3827,4337
3828,4337
3829,4337
3830,4337
3831,4337
3832,4337
3833,4337
3834,4337
3835,4337
3836,4337
3837,4337
3838,4337
3839,4337
3840,4337
3841,4337
3842,4337
3843,4337
3844,4337
3845,4337
3846,4337
3847,4337
3848,4337
3849,4337
3850,4337
3851,4337
3852,4337
3853,4337
3854,4337
3855,4337
3856,4337
3857,4337
3858,4337
3859,4337
3860,4337
3861,4337
3862,4337
3863,4337
3864,4337
3865,4337
3866,4337
3867,4337
3868,4337
3869,4337
3870,4337
3871,4337
3872,4337
3873,4337
3874,4337
3875,4337
3876,4337
3877,4337
3878,4337
3879,4337
3880,4337
3881,4337
3882,4337
3883,4337
3884,4337
3885,4337
3886,4337
3887,4337
3888,4337
3889,4337
3890,4337
3891,4337
3892,4337
3893,4337
3894,4337
3895,4337
3896,4337
3897,4337
3898,4337
3899,4337
3900,4337
3901,4337
3902,4337
3903,4337
3904,4337
3905,4337
3906,4337
3907,4337
3908,4337
3909,4337
3910,4337
3911,4337
3912,4337
3913,4337
3914,4337
3915,4337
3916,4337
3917,4337
3918,4337
3919,4337
3920,4337
3921,4337
3922,4337
3923,4337
3924,4337
3925,4337
3926,4337
3927,4337
3928,4337
3929,4337
3930,4337
3931,4336
3932,4336
3933,4336
3934,4336
3935,4336
3936,4336
3937,4336
3938,4336
3939,4336
3940,4336
3941,4336
3942,4336
3943,4336
3944,4336
3945,4335
3946,4334
3947,4333
3948,4333
3949,4333
3950,4333
3951,4333
3952,4331
3953,4331
3954,4331
3955,4331
3956,4331
3957,4331
3958,4331
3959,4331
3960,4331
3961,4331
3962,4330
3963,4329
3964,4329
3965,4329
3966,4329
3967,4329
3968,4329
3969,4329
3970,4329
3971,4329
3972,4329
3973,4327
3974,4326
3975,4326
3976,4323
3977,4323
3978,4323
3979,4323
3980,4323
3981,4323
3982,4323
3983,4323
3984,4323
3985,4323
3986,4323
3987,4323
3988,4323
3989,4323
3990,4323
3991,4323
3992,4323
3993,4323
3994,4323
3995,4323
3996,4323
3997,4323
3998,4323
3999,4323
4000,4323
4001,4323
4002,4323
4003,4323
4004,4323
4005,4323
4006,4323
4007,4323
4008,4323
4009,4323
4010,4323
4011,4323
4012,4323
4013,4323
4014,4323
4015,4323
4016,4323
4017,4323
4018,4322
4019,4322
4020,4319
4021,4319
4022,4317
4023,4317
4024,4316
4025,4316
4026,4313
4027,4313
4028,4310
4029,4310
4030,4310
4031,4310
4032,4310
4033,4310
4034,4310
4035,4310
4036,4310
4037,4310
4038,4310
4039,4310
4040,4310
4041,4310
4042,4310
4043,4310
4044,4310
4045,4310
4046,4310
4047,4310
4048,4310
4049,4310
4050,4310
4051,4310
4052,4310
4053,4310
4054,4310
4055,4310
4056,4310
4057,4310
4058,4310
4059,4310
4060,4310
4061,4310
4062,4310
4063,4310
4064,4310
4065,4310
4066,4310
4067,4310
4068,4310
4069,4310
4070,4310
4071,4310
4072,4310
4073,4310
4074,4310
4075,4310
4076,4310
4077,4310
4078,4310
4079,4310
4080,4310
4081,4294
4082,4294
4083,4294
4084,4294
4085,4294
4086,4292
4087,4292
4088,4292
4089,4292
4090,4290
4091,4290
4092,4290
4093,4290
4094,4290
4095,4290
4096,4290
4097,4290
4098,4290
4099,4290
4100,4290
4101,4290
4102,4290
4103,4290
4104,4290
4105,4290
4106,4290
4107,4290
4108,4290
4109,4290
4110,4290
4111,4290
4112,4290
4113,4290
4114,4290
4115,4290
4116,4290
4117,4290
4118,4290
4119,4290
4120,4290
4121,4290
4122,4290
4123,4290
4124,4290
4125,4290
4126,4290
4127,4290
4128,4290
4129,4290
4130,4290
4131,4290
4132,4290
4133,4290
4134,4290
4135,4290
4136,4290
4137,4290
4138,4290
4139,4290
4140,4290
4141,4290
4142,4290
4143,4290
4144,4290
4145,4290
4146,4290
4147,4290
4148,4290
4149,4290
4150,4290
4151,4290
4152,4290
4153,4290
4154,4290
4155,4290
4156,4290
4157,4290
4158,4290
4159,4290
4160,4290
4161,4290
4162,4290
4163,4290
4164,4290
4165,4290
4166,4290
4167,4290
4168,4290
4169,4290
4170,4290
4171,4290
4172,4290
4173,4290
4174,4290
4175,4290
4176,4290
4177,4290
4178,4290
4179,4290
4180,4290
4181,4290
4182,4290
4183,4290
4184,4290
4185,4290
4186,4290
4187,4290
4188,4290
4189,4290
4190,4290
4191,4290
4192,4290
4193,4290
4194,4290
4195,4290
4196,4290
4197,4290
4198,4290
4199,4290
4200,4290
4201,4290
4202,4290
4203,4290
4204,4290
4205,4290
4206,4290
4207,4290
4208,4290
4209,4290
4210,4290
4211,4290
4212,4290
4213,4289
4214,4289
4215,4287
4216,4287
4217,4287
4218,4287
4219,4287
4220,4287
4221,4287
4222,4287
4223,4287
4224,4287
4225,4287
4226,4287
4227,4287
4228,4287
4229,4287
4230,4287
4231,4287
4232,4287
4233,4287
4234,4287
4235,4287
4236,4287
4237,4287
4238,4287
4239,4287
4240,4287
4241,4287
4242,4287
4243,4287
4244,4287
4245,4287
4246,4287
4247,4287
4248,4287
4249,4287
4250,4287
4251,4287
4252,4287
4253,4287
4254,4287
4255,4287
4256,4287
4257,4287
4258,4287
4259,4287
4260,4287
4261,4287
4262,4287
4263,4287
4264,4287
4265,4287
4266,4287
4267,4287
4268,4287
4269,4287
4270,4287
4271,4287
4272,4287
4273,4287
4274,4287
4275,4287
4276,4287
4277,4287
4278,4287
4279,4287
4280,4287
4281,4287
4282,4287
4283,4287
4284,4287
4285,4287
4286,4287
4287,4287
4288,4287
